order,type,name,label::english,label::somali,required,relevant,appearance,constraint,constraint_message,choice_filter,calculation,media::image::english,media::image::somali,hint:english,hint:somali
1,start,start,,,,,,,,,,,,,
2,end,end,,,,,,,,,,,,,
3,today,today,,,,,,,,,,,,,
4,deviceid,deviceid,,,,,,,,,,,,,
5,begin_group,introduction,Introduction,Hordhac,,,,,,,,,,,
6,select_one yes_no,consensus,"Hi my name is _____ and I work for __________. We are currently conducting a survey on household needs and would like to ask you some questions about your current access to food, income generating activities, health and WASH access, protection services, and humanitarian aid. The survey usually takes around 45 minutes to complete. Any information you provide will be strictly kept anonymous and confidential. You will not receive any benefits or services from us with but we hope you do participate as your views are important to better inform the humanitarian response.  This is voluntary and you can choose not to answer any question and/or quit at any point. Do you have any questions? May I begin now?","Asalaamu Alaikum! Magaceygu waa _______  Waxaan la shaqeynayaa ______. Waxaan qabaneynaa xog-aruurin ku saabsan xaaladaha nolol maalmeedka dadka deeegaanka , waxaan jeclahay inaan ku weydiiyo su'aalo ku saabsan xaaladaada helida cuntada iyo kaabayaasha dhaqaalaha. Wareysigaan wuxuu qaadanayaa ku dhawaad 45 daqiiqo. War bixin kasta aad noo sheegtid waxay noqon doontaa mid qarsoodi ah. Wareysiga waxba laguuguma siinaayo, waad iska diidi kartaa ka jawaabida su'aalaha qaarkood, ama wareysiga gabi ahaanba waad iska joojin kartaa. Haddaba, waxaan rajeynaynaa inaad nagala qeyb gali doontid maadaama ay aragtidaadu muhiim inoo tahay. Wax su'aal ah miyaad i weydiineysaa? Ma bilaabi karnaa wareysiga?",TRUE,,,,,,,,,Cannot interview under 15,Cannot interview under 15
7,select_one region,region,Which region is the assessment being conducted in?,Gobolkee wareysiga laga qabanayaa?,TRUE,,,,,,,,,,
8,select_one district,district,Which district is the assessment being conducted in?,Degmadee wareysiga laga qabanayaa?,TRUE,,,,,region=${region},,,,,
11,select_one yes_no,idp_settlement,Is this an IDP settlement? _(Only answer YES if the survey is collected inside an IDP settlement)_,Degaankani ma barakacayaal baa?,TRUE,,,,,,,,,,
9,select_one_external settlements,settlement,What is the name of the village/settlement/IDP site?  ,Waa maxay magaca tuladani/Xafadani ama Xarunta barakayaashani? ,TRUE,,,,,district=${district} and idp_settlement=${idp_settlement},,,,,
10,text,settlement_other,"If other, please specify","Haddii xaafad/Tuulo kale, fadlan qeex?",TRUE,"selected(${settlement},""other"")",,,,,,,,,
13,select_one male_female,resp_gender,What is the gender of the respondent?,Sheeg jinsiga qofka kuu jawaabayo?,TRUE,"selected(${consensus},'yes')",,,,,,,,,
14,select_one age,resp_age,What is the age of the respondent? (For respondents between the age of 15 and 17 please ensure an adult/guardian is present),"Sheeg da'da qofka kuu jawaabayo? ( Haddii qofka aad wareysanaysa uu u dhaxeeyo 15 ilaa 17, fadlan hubi haddii la helayo qof masuul ama waayeel ah? ",TRUE,"selected(${consensus},'yes')",,,,,,,,,
15,select_one yes_no,guardian_present,Is there an adult or guardian present?,Ma jira qof masuul/ waayeel oo jooga guriga?,TRUE,"selected(${resp_age},'age15_17')",,,,,,,,,
16,end_group,,,,,,,,,,,,,,
17,begin_group,B,Household demographics,Warbixinta qoyska,,"selected(${consensus},'yes')",,,,,,,,,
18,select_one breadwinner,breadwinner,Who is the main income-earner of the household?,Yaa qoyska masruufa/biila?,TRUE,,,,,,,,,,
19,select_multiple breadwinner,household_expenditure,Who decides on household expenditure?,Yaa go'aamiya isticmaalka/kharashaadka reerka?,TRUE,,,,,,,,,,
20,select_one all_some_none_dnk,hh_ids,Do all adult household members have some form of identity documentation (for example passport or national ID card) in their possession?,Dadka guriga degan intooda qaan gaadhka ah ma haystaan wax lagu garto/ aqoonsi (Tusaale ahaan baasaboor ama Kaadhka aqoonsiga muwaadinka?,TRUE,,,,,,,,,,
21,select_one y_n_dk,hh_ids_renew,"If anyone in your household does not have some form of identity documentation, do you think they could obtain it if needed?","Haddii aanu midna haysan kaadhka aqoonsiga, ma u malaynaysaa inay helayaan haday u baahdaan?",TRUE,"selected(${hh_ids},'some') or selected(${hh_ids},'none')",,,,,,,,,
22,note,hh_demographics_note,"Please give the number of household members in this household in each age and gender group, including the respondent","Fadlan sheeg tirada qoyskaaga ee halkaan ku sugan, adigoo u kala soocaya da'da iyo jinsiga qof walba, oo adiga tirada ku jirtid",,,,,,,,,,,
23,integer,hh_total_one,How many people live in your household?,Intee qof baa ku nool qoyskaaga?,TRUE,,,.>0,,,,,,,
24,begin_group,demog_list,Demographic list,Tirokoobka dadka guriga degan,TRUE,,field-list,,,,,,,,
25,integer,males_0_6m,Males 0-6 months,Rag 0-6 jir ah,TRUE,,,.>=0 and .<=10,"Must be a positive number, and less than 10",,,,,,
26,integer,females_0_6m,Females 0-6 months,Dumar 0-6 jir ah,TRUE,,,.>=0 and .<=10,"Must be a positive number, and less than 10",,,,,,
27,integer,males_6m_4y,Males 7 months - 4 years,Rag 7 bil ilaa 4 sano jir ah,TRUE,,,.>=0 and .<=10,"Must be a positive number, and less than 10",,,,,,
28,integer,females_6m_4y,Females 7 months - 4 years,Dumar 7 bil ilaa 4 sano jir ah,TRUE,,,.>=0 and .<=10,"Must be a positive number, and less than 10",,,,,,
29,integer,males_5_12,Males 5-12 years,Rag 5-12 jir ah,TRUE,,,.>=0 and .<=10,"Must be a positive number, and less than 10",,,,,,
30,integer,females_5_12,Females 5-12 years,Dumar 5-12 jir ah,TRUE,,,.>=0 and .<=10,"Must be a positive number, and less than 10",,,,,,
31,integer,males_13_15,Males 13-15 years,Rag 13-15 jir ah,TRUE,,,.>=0 and .<=10,"Must be a positive number, and less than 10",,,,,,
32,integer,females_13_15,Females 13-15 years,Dumar 13-15 jir ah,TRUE,,,.>=0 and .<=10,"Must be a positive number, and less than 10",,,,,,
33,integer,males_16_17,Males 16-17 years,Rag 16-17 jir ah,TRUE,,,.>=0 and .<=10,"Must be a positive number, and less than 10",,,,,,
34,integer,females_16_17,Females 16-17 years,Dumar 16-17 jir ah,TRUE,,,.>=0 and .<=10,"Must be a positive number, and less than 10",,,,,,
35,integer,males_18_40,Males 18-40 years,Rag 18-40 jir ah,TRUE,,,.>=0 and .<=10,"Must be a positive number, and less than 10",,,,,,
36,integer,females_18_40,Females 18-40 years,Dumar 18-40 jir ah,TRUE,,,.>=0 and .<=10,"Must be a positive number, and less than 10",,,,,,
37,integer,males_41_59,Males 41-59 years,Rag 41-59 jir ah,TRUE,,,.>=0 and .<=10,"Must be a positive number, and less than 10",,,,,,
38,integer,females_41_59,Females 41-59 years,Dumar 41-59 jir ah,TRUE,,,.>=0 and .<=10,"Must be a positive number, and less than 10",,,,,,
39,integer,males_60_over,Males 60 or older,Rag 60 jir ah ama ka weyn,TRUE,,,.>=0 and .<=10,"Must be a positive number, and less than 10",,,,,,
40,integer,females_60_over,Females 60 or older,Dumar 60 jir ah ama ka weyn,TRUE,,,.>=0 and .<=10,"Must be a positive number, and less than 10",,,,,,
41,select_one yes_no,hhh_count_check,Did you include yourself in the household count?,Ma isku dartay tirada inta qof ee ku nool guriga?,TRUE,,,,,,,,,,
42,end_group,demog_list,,,,,,,,,,,,,
43,calculate,total_hh,,,,,,,,,${males_0_6m}+${females_0_6m}+${males_6m_4y}+${females_6m_4y}+${males_5_12}+${females_5_12}+${males_13_15}+${females_13_15}+${males_16_17}+${females_16_17}+${males_18_40}+${females_18_40}+${males_41_59}+${females_41_59}+${males_60_over}+${females_60_over},,,,
44,calculate,children_vaccine_age,,,,,,,,,${males_6m_4y}+${females_6m_4y}+${males_5_12}+${females_5_12}+${males_13_15}+${females_13_15},,,,
45,calculate,children_0_4,,,,,,,,,${males_0_6m}+${females_0_6m}+${males_6m_4y}+${females_6m_4y},,,,
46,calculate,school_age_male,,,,,,,,,${males_5_12}+${males_13_15} + ${males_16_17},,,,
47,calculate,school_age_female,,,,,,,,,${females_5_12}+${females_13_15} + ${females_16_17},,,,
48,calculate,school_age_total,,,,,,,,,${school_age_male}+${school_age_female},,,,
49,calculate,total_children,,,,,,,,,${children_0_4}+${school_age_total},,,,
50,calculate,hh_difference,,,,,,,,,${total_hh}-${hh_total_one},,,,
51,note,total_hh_confirm_note,The respondent said there are ${hh_total_one} living here and you entered ${total_hh} persons. Please correct,"Waxaad tidhi tirada qoyska halkani ku nool waa ${hh_total_one}, Waxaad gelisay ${total_hh} qof ba ku nool. Fadlan sax?",TRUE,not(${hh_difference}=0),,,"If the total number of HH members is incorrect, please review the demographics section for errors",,,,,,
52,select_one yes_no,person_with_disabilities,"In your household, are there any members that have physical or cognitive difficulties (for e.g. mobility, hearing, sight, communicating, etc.) which impacts their ability to carry out daily activities such as working, studying, walking, getting dressed, remembering things?","Qoyskiina ma ku jiraa qof naafo ah ama dhimir la` ( Tusaale ahaan curyaan, maqalka la`, indho la`, aan hadli kari la`, ) taaso samanaysay inuu qofku guto hawl maalmeedka sida waxbarashada, socodka, inuu dharka xidho, wax xasuusto?",TRUE,,,,,,,,,,
53,begin_group,disabilities_list,Disabilities list,Dadka naafada ah ,,"selected(${person_with_disabilities}, 'yes')",field-list,,,,,,,,
54,note,disa_note,How many household members fall into the following categories?,Imisa ka mid dadka degan guriga ayaa ka mid ah sidan soo socota?,,,,.<=${total_hh} and .>=0,Cannot be more than the total of person in the HH,,,,,,
55,integer,no_difficulty,a.      No difficulty carrying out daily activities,a. Kuma aha dhibaato inuu qabto hawl maalmeedka,TRUE,,,.<=${total_hh} and .>=0,Cannot be more than the total of person in the HH,,,,,,
56,integer,minor_difficulties,b.      Minor difficulties carrying daily activities but does not need assistance or attention,"In yar oo dhibaato ayay ku tahay inay qabtaan hawl maalmeedka, Laakiin uma baahna in la kaalmeeyo ama fiiro gaar ah la siiyo?",TRUE,,,.<=${total_hh} and .>=0,Cannot be more than the total of person in the HH,,,,,,
57,integer,some_difficulties,c.      Some difficulties carrying daily activities and needs some assistance and attention (for e.g. 1-2 hours per day),"Dhibaato ayay ku tahay inay qabtaan hawl maalmeedka, waxayna u baahdaan in xoogaa la kaalmeeyo ama si gaara loo Ilaaliyo ( sida 1saac ilaa 2 saac maalintii?",TRUE,,,.<=${total_hh} and .>=0,Cannot be more than the total of person in the HH,,,,,,
58,integer,a_lot,d.      A lot of difficulty carrying daily activities and needs quite a bit of assistance and attention (for e.g. 3-6 hours per day),"Dhibaato aad u badan bay ku tahay inay qabtaan hawl maalmeedkooda, waxayna u baahan yihiin in mar walba la caawiyo ama la siiyo ilaalin dheeraad ah",TRUE,,,.<=${total_hh} and .>=0,Cannot be more than the total of person in the HH,,,,,,
59,integer,cannot_carry,e.      Cannot carry daily activities independently and needs permanent assistance and attention,Maba qaban karaan hawl maalmeedkooda haddii aan la kaalmaynin markasta.,TRUE,,,.<=${total_hh} and .>=0,Cannot be more than the total of person in the HH,,,,,,
60,end_group,disabilities_list,,,,,,,,,,,,,
61,select_one yes_no,disabilities_group,Is there at least one person with difficulties between 5 years old and above 59 years old?,Ma jiraa ugu yaraan hal qof oo ay haysato dhibaato oo u da`diisu tahay  5 sanno ilaa 59 sanno jir?,TRUE,"selected(${person_with_disabilities}, 'yes')",,,,,,,,,
62,begin_group,vuln,Other,"Haddii mid kale, fadlan qeex?",,,field-list,,,,,,,,
63,select_one yes_no,plw,Are there any female household members who have given birth in the past 6 months or who are pregnant?,"Ma jirtaa haweenay ka mid ah dadka qoyskaaga oo umushay 6 bilood ee u danbasay, ama leh uur/ xaamilo ah?",TRUE,${females_13_15}>0 or ${females_16_17}>0 or ${females_18_40}>0,,,,,,,,,
64,select_one y_n_dk,chronic,Are there any members in the household suffering from chronic disease (any illness which lasts 3 months of longer etc.)?,Ma jiraan dadka guriga degan cid la xanuunsan cudurada daaha 3 bilood ee danbeeyey ama ka badan?,TRUE,,,,,,,,,,
65,end_group,vuln,,,,,,,,,,,,,
66,end_group,,,,,,,,,,,,,,
67,begin_group,Other,Other Household Questions,Su'aalaha kale ee guriga,,"selected(${consensus},'yes')",,,,,,,,,
68,integer,working_persons,How many members of the household are currently engaged in remunerated work?,Imisa xubnood oo qayskiina kamida ayaa hada ka shaqeeya shaqo mushaari/mushahar ah?,TRUE,,,.<=${total_hh} and .>=0,Cannot exceed total number of person in the household,,,,,,
69,integer,lost_employment,How many members of the household lost their employment in the past 3 months/90 days?,Imisa xubnood oo qoyskiina kamida ayaa waayay shaqooyinkoodii 3dii bilood  ee lasoo dhaafay?,TRUE,,,.<=${total_hh} and .>=0,Cannot exceed total number of person in the household,,,,,,
70,select_multiple separation_reasons,reason_lost_employment,"Was the loss of employment due to flood, drought, or conflict?","Waayitaanka shaqada ma waxaa sababay daadad, abaaro mise colaado?",TRUE,${lost_employment} > 0,,"not(selected(.,'dnk') and count-selected(.) >1)",Cannot select 'don’t know' and any other option,,,,,,
71,text,reason_lost_employment_other,"Other, specify","kuwo kale, qeex?",TRUE,"selected(${reason_lost_employment},'other')",,,,,,,,,
72,select_one care_giving_time,care_giving_time,"How much time on average did household members spend in care-giving tasks (e.g. fetching water, preparing food, child-rearing) in the past 3 months/90 days?","Celceliska waqti ahaan imisa ayaa xubnaha qoysku kubixiyeen howlaha caawinta guriga sida( biyo dhaaminta, diyaarinta cuntada,haynta ilmaha) 3dii bilood ee la soo dhaafay?",TRUE,,,,,,,,,,
73,select_one income_average,average_income,What was the average household income (including remittances) in the past 3 months/90 days?,Celcelis ahaan waa maxay dakhliga qoyska soo galay( marka lagu daro lacagaha la idiin soo diro) 3diii bilod ee la soo dhaafay?,TRUE,,,,,,,,,,
74,select_one income_average,average_debt,What was the average household debt in the past 3 months/90 days?,Celcelis ahaan waa maxay deynta uu qosku galay 3dii bilood ee la soo dhaafay?,TRUE,,,,,,,,,,
75,select_one y_n_dk,fore_hhdebt,Do you believe that you will be able to repay household debt over the next year?,Ma kula tahay in qoysku gudi karo deyntaas sanadka soo socda?,TRUE,,,,,,,,,,
76,end_group,,,,,,,,,,,,,,
77,begin_group,C,Displacement ,barakac,,"selected(${consensus},'yes')",,,,,,,,,
78,select_one yes_no,yes_no_host,"Have you always lived here (NOT moved from another location in Somalia due to events such as flood, drought or conflict)? ","Weligaa ma halkan baad ku noolayd? ( aanan ka soo guurin meelkale oo soomaliya ka mid ah sababtuna ahayd daadad, abaaro ama colaad)",TRUE,,,,,,,,,,
79,select_one yes_no,hosting_idp,"Are you currently hosting any people who are not usually members of this household and who share resources, such as food and water, with you?",Hada wax dad ah oon qoyskan ka tirsanayn miyaa kula nool oo kula isticmaala cuntada iyo biyaha?,TRUE,"selected(${yes_no_host},'yes')",,,,,,,,,
80,select_one yes_no,yes_no_idp,Are you a Somali who has moved from another location in Somalia?,Ma waxatahay somali ka soo guuray  meel kale oo somaliya ah ?,TRUE,"selected(${yes_no_host},'no')",,,,,,,,,
81,select_one yes_no,yes_no_returnee,Are you a Somali returning to Somalia from another country?,ma waxaa tahay somali kasoo labtay wadan kale oon somaliya ahayn?,TRUE,"selected(${yes_no_host},""no"") and selected(${yes_no_idp},""no"")",,,,,,,,,
82,begin_group,idp,Internally displaced,Barakac Gudaha dalka,,"selected(${yes_no_idp},""yes"")",,,,,,,,,
83,select_one region,region_idp,In which region were you living before coming here?,gobolkee ku noolayd inta aadan halkan iman ka hor ?,TRUE,,,,,,,,,,
84,select_one district,district_idp,In which district were you living before coming here?,Degmadee ku noolayd intaadan halkan iman ka hor?,TRUE,,,,,region=${region_idp},,,,,
85,end_group,,,,,,,,,,,,,,
86,begin_group,returnee,Returnee,soo noqde,,"selected(${yes_no_returnee},""yes"")",,,,,,,,,
87,select_one return_country,returnee_country,From which country is the household returning?,Wadankee ayuu qoysku kasoo laabtay?,TRUE,,,,,,,,,,
88,text,returnee_country_other,"If other, please specify","haddii wadan kale yahay , fadlan sheeg",TRUE,"selected(${returnee_country},""other"")",,,,,,,,,
89,select_one yes_no,registered_return,Did you register for voluntary return with UNHCR or authorities in your place of refuge?,"Ma iska soo diwaan gelisay UNHCR ama maamuulka dawlada, markaad sida iskaaga ah ugu soo laabatay dalkaaga?",TRUE,"selected(${returnee_country},""kenya"")",,,,,,,,,
90,end_group,,,,,,,,,,,,,,
91,begin_group,refugees,Refugee - (Shouldn’t be from Somalia),Qaxooti-( waa in uusan somaliya ka iman),,"selected(${yes_no_returnee},""no"") and selected(${yes_no_host},""no"")",,,,,,,,,
92,select_one yes_no,refugee,Are you a person of another nationality who has travelled from another country?,ma waxaa tahay qof haysta dhalasho kale oo ka soo safray wadan ka,TRUE,,,"not(selected(.,'no'))",Cannot proceed further - go back to the displacement questions and read the questions carefuly,,,,,,
93,select_one return_country,country_origin,From which country did this household travel? _(Should not be from Somalia)_,Wadankee ayuu qoysku kasoo safray?(waa in uusan somaliya ka iman ),TRUE,"selected(${refugee},'yes')",,,,,,,,,
94,end_group,,,,,,,,,,,,,,
95,begin_group,why_displaced,Reasons for displacement,Sababaha loo barakacay ,,"selected(${yes_no_host},""no"")",,,,,,,,,
96,date,left_aoo,When did you leave your area of origin?,goormaad kasoo tagtay degaankaagii?,TRUE,"selected(${yes_no_host},""no"") ",month-year,. < today(),Must be before today,,,,,,
97,date,arrived_current,When did you arrive at the current location? (answer cannot be longer than previous answer),Goorma ayaad soogartay halkan? ( jawaaabtu waa in aysan ka badnayn jawabtii hore ),TRUE,,month-year,. <= today() and . >= ${left_aoo},Cannot be before date left AoO,,,,,,
98,calculate,difference_arrived_today_days,,,,,,,,,today() - ${arrived_current},,,,
99,calculate,difference_arrived_left_days,,,,,,,,,${arrived_current} - ${left_aoo},,,,
100,note,displacement_note,Which are the two main reasons for why you left your previous location?,Waa maxay labada sababood ee ugu weyn ee aad uga soo tagtay degaankaagii?,,,,,,,,,,,
101,select_one reason1,disp_why1,First reason,sababta kooowaad ,TRUE,,,,,,,,,,
102,select_one reason1,disp_why2,Second reason,sababta labaad ,TRUE,"not(selected(${disp_why1},""none"")) and not(selected(${disp_why1},""dontknow""))",,"not(selected(., ${disp_why1}))",Can't select same as the first reason,name != ${disp_why1},,,,,
103,note,disp_current_note,Which are the two main reasons for why you chose to come to this location?,waa maxay labada sababood ee ugu weyn ee aad halkan ku dooratay?,,,,,,,,,,,
104,select_one reason2,dest_loc_why1,First reason,Sabata koowaad ,TRUE,,,,,,,,,,
105,select_one reason2,dest_loc_why2,Second reason,Sababta labaad ,TRUE,"not(selected(${dest_loc_why1},""none"")) and not(selected(${dest_loc_why1},""dontknow""))",,"not(selected(., ${dest_loc_why1}))",Can't select the first reason,name != ${dest_loc_why1},,,,,
106,select_one returnee_remain,returnee_remain_here,Do you intend to remain and settle in this location permanently?,Ma kuu qorshaysantahay in aad halkan si joogta ah ugu nagaato ?,TRUE,,,,,,,,,,
107,select_one date2,when_continue,When will you move to your intended destination?,goormee u guuraysaa meesha aad rabto?,TRUE,"not(selected(${returnee_remain_here},""yes"") or selected(${returnee_remain_here}, ""dontknow""))",,,,,,,,,
108,select_one region,region_intended,Region,Gobol,TRUE,"selected(${returnee_remain_here},""elsewhere_somalia"")",,,,,,,,,
109,select_one district,district_intended,District,Degmo,TRUE,"selected(${returnee_remain_here},""elsewhere_somalia"")",,,,region=${region_intended},,,,,
110,end_group,,,,,,,,,,,,,,
111,end_group,,,,,,,,,,,,,,
112,begin_group,E,Education,Waxbarashada,,"selected(${consensus},'yes')",,,,,,,,,
113,begin_group,education_level,Education levels,Heerka Waxbarashada,,,field-list,,,,,,,,
114,note,education_level_note,How many people in your household have achieved the following education levels? (including adults),Intee qof baa gaadhay heerkan waxbarasho ee soo socda dadka degan guriga?,,,,,,,,,,,
115,select_one number_degrees,primary_degree,Primary level degree (primary school and secondary school),Dugsiga hoose iyo dhexe,TRUE,,minimal,,,,,,,,
116,select_one number_degrees,secondary_degree,Secondary level degree (high school),Dugsiga Sare,TRUE,,minimal,,,,,,,,
117,select_one number_degrees,vocational_degree,"Vocational degree (training on specific craft or job, for e.g. IT, electrician, carpenter, mechanic, cooking, sewing, etc.)","Shahaada farsamada gacanta ( Tababar ku saabsan cilmiga tiknoolajiyada, koranta yaqaan, Nijaarada/faryaamo, makaanimada, karinta cunnada, tolida dharka?",TRUE,,minimal,,,,,,,,
118,select_one number_degrees,tertiary_degree,"Tertiary degree (university degree, for e.g. bachelor, master, or PhD)",Heer jamacadeed ( sida shahaadada kowaad ( digriiga) shahaadada labaad ( mastarka) ama shahaadada saddexaad ( PhD) ,TRUE,,minimal,,,,,,,,
119,end_group,,,,,,,,,,,,,,
120,begin_group,enrollement,Enrollment,Isdiiwan gelinta waxbarashada,,,field-list,,,,,,,,
121,note,enrollement_note,Please specify the age and gender of the children that are currently enrolled in school since the past 3 months/90 days,Fadlan sheeg da`da iyo jinsiyada caruurta laga diwaan geliyey goobaha waxbarasho 3dii bilood la soo dhaafay?,,,,,,,,,,,
122,integer,enrolled_boys_5_12,How many boys aged 5-12 are enrolled in school?,Imisa wiil (5-12 jir) ayaa qoran/ diwaan gashan dugsi waxbarasho?,TRUE,${males_5_12}>0,,.<=${males_5_12} and .>=0,Cannot exceed total males of 5-12 years in household,,,,,,
123,integer,enrolled_girls_5_12,How many girls aged 5-12 are enrolled in school?,Imisa gabdho (5-12 jir) ayaa qoran/ diwaan gashan dugsi waxbarasho?,TRUE,${females_5_12}>0,,.<=${females_5_12} and .>=0,Cannot exceed total females of 5-12 years in household,,,,,,
124,integer,enrolled_boys_13_17,How many boys aged 13-17 are enrolled school?,Imisa wiil(13-17 jir) ayaa qoran/ diwaan gashan dugsi waxbarasho?,TRUE,${males_13_15}+${males_16_17}>0,,.<=${males_13_15}+${males_16_17} and .>=0,Cannot exceed total under 18 male in household,,,,,,
125,integer,enrolled_girls_13_17,How many girls aged 13-17 are enrolled in school?,Imisa gabdho (13-17 jir) ayaa qoran/ diwaan gashan dugsi waxbarasho?,TRUE,${females_13_15}+${females_16_17}>0,,.<=${females_13_15}+${females_16_17} and .>=0,Cannot exceed total under 18 female in household,,,,,,
126,end_group,,,,,,,,,,,,,,
127,calculate,boys_enrolled,,,,,,,,,"if(${males_5_12} = 0, 0,${enrolled_boys_5_12}) + if(${males_13_15}+${males_16_17} = 0, 0, ${enrolled_boys_13_17})",,,,
128,calculate,girls_enrolled,,,,,,,,,"if(${females_5_12} = 0, 0,${enrolled_girls_5_12}) + if(${females_13_15}+${females_16_17} = 0, 0, ${enrolled_girls_13_17})",,,,
129,calculate,enrolled_total,,,,,,,,,"if(${males_5_12} = 0, 0,${enrolled_boys_5_12}) + if(${males_13_15}+${males_16_17} = 0, 0, ${enrolled_boys_13_17}) + if(${females_5_12} = 0, 0,${enrolled_girls_5_12}) + if(${females_13_15}+${females_16_17} = 0, 0, ${enrolled_girls_13_17})",,,,
130,calculate,not_enrolled_total,,,,,,,,,${school_age_male}+${school_age_female}-${enrolled_total},,,,
131,begin_group,attendance,Attendance,Xaadirintaanka dugsiga ,,${enrolled_total}>0,field-list,,,,,,,,
132,note,attendance_note,How many children in the household currently attend school for more than 3 days per week since the past 3 months/90 days?,Imisa  caruura ayaa dugsiga xaadirtay in ka badan 3 maalmood asbuuci saddexdii bilood ee la soo dhaafay?,,,,,,,,,,,
133,integer,attend_boys_5_12,How many boys aged 5-12 attend education?,Imisa wiil (5-12 jir) ayaa aada waxbarasho?,TRUE,${enrolled_boys_5_12}>0,,.<=${enrolled_boys_5_12} and .>=0,Cannot exceed total males of 5-12 years enrolled in school,,,,,,
134,integer,attend_girls_5_12,How many girls aged 5-12 attend education?,Imisa gabdho (5-12 jir) ayaa aada waxbarasho?,TRUE,${enrolled_girls_5_12}>0,,.<=${enrolled_girls_5_12} and .>=0,Cannot exceed total females of 5-12 years enrolled in school,,,,,,
135,integer,attend_boys_13_17,How many boys aged 13-17 attend education?,Imisa wiil(13-17 jir) ayaa aada waxbarasho?,TRUE,${enrolled_boys_13_17}>0,,.<=${enrolled_boys_13_17} and .>=0,Cannot exceed total under 18 male enrolled in school,,,,,,
136,integer,attend_girls_13_17,How many girls aged 13-17 attend education?,Imisa gabdho (13-17 jir) ayaa aada waxbarasho?,TRUE,${enrolled_girls_13_17}>0,,.<=${enrolled_girls_13_17} and .>=0,Cannot exceed total under 18 female enrolled in school,,,,,,
137,end_group,,,,,,,,,,,,,,
138,calculate,boys_attend,,,,,,,,,"if(${males_5_12} = 0, 0,${attend_boys_5_12}) + if(${males_13_15}+${males_16_17} = 0, 0, ${attend_boys_13_17})",,,,
139,calculate,girls_attend,,,,,,,,,"if(${females_5_12} = 0, 0,${attend_girls_5_12}) + if(${females_13_15}+${females_16_17} = 0, 0, ${attend_girls_13_17})",,,,
140,calculate,attend_total,,,,,,,,,"if(${males_5_12} = 0, 0,${attend_boys_5_12}) + if(${males_13_15}+${males_16_17} = 0, 0, ${attend_boys_13_17}) + if(${females_5_12} = 0, 0,${attend_girls_5_12}) + if(${females_13_15}+${females_16_17} = 0, 0, ${attend_girls_13_17})",,,,
141,calculate,not_attend_total,,,,,,,,,${school_age_male}+${school_age_female}-${attend_total},,,,
142,select_one y_n_dk,attend_previous,They are ${not_attend_total} child(en) that do not attend school regurlary. Were these children attending school for more than 3 days in the last 12months/1 year?,Waxa weyaan ${not_attend_total} caruur inta aanan xaadirin dugsiga si joogto ah. Caruurtani miyey xaadiri jirtay 3 maalmood asbuucii sanadii la soo dhafay?,TRUE,${not_attend_total}>0 and ${total_children}>0,,,,,,,,,
143,select_one all_some_none_dnk,drop_out,Have any children dropped-out of school in the last 12months/1 year?,Ma jiraa caruur ka hadhay dugisga sanadkii u danbeeyey?,TRUE,,,,,,,,,,
144,select_multiple drop_out_choices,drop_out_reason,What was the main reason for children dropping out of school?,Maxay ahayd sababta ugu weyn ee caruurtu uga hadheen dugsiga?,TRUE,"selected(${drop_out}, 'all') or selected(${drop_out}, 'some')",,,,,,,,,
145,select_one yes_no,pay_education,Do you pay for education?,Ma ku  bixisaa lacag waxbarashada? ,TRUE,,,,,,,,,,
146,select_one usd_price_education,cash_bracket_education,"How much on average did the household spend on children's education (school fees, uniforms, books, etc.) in the past 3 months?","Intee ku bixisaan waxbarashada celcelis ahaan sida ( kharashaadka dugsiga, direes, bugaagta, iyo wixii la mid ah) 3dii bilood ee u danbeeyey?",TRUE,"selected(${pay_education},'yes')",,,,,,,,,
147,select_one change_price,education_price_change,Has this cost increased or decreased in the past 3 months?,Kharashaadka ama  lacagta aad ku bixiseen 3dii bilood ee u danbaysay ma kor bay u kacday mise hoos bay u dhacday?,TRUE,"selected(${pay_education},'yes')",,,,,,,,,
148,select_one time,time_school,"How long does it take the children to go to the nearest educational facility (primary, secondary, vocational, quoranic, basic literacy and numeracy classes, university)?","Intee bay ku qaadanaysaa caruurta inay gaadhaan goobta waxbarasho ee ugu dhow( Dugsi Hoose, Sare, Farsamo gacameed, Quraan, fasallo lagu barto wax tirinta ama akhriska ama Jamacada?",TRUE,,,,,,,,,,
149,select_one transport_type,transport_school,How do you get there? ,Sidee bay ku tagaan goobta waxbarasho?,TRUE,,,,,,,,,,
150,select_one yes_no,access_school,Have you been able to access the educational facility?,Ma awoodeen inaad tagtaan goobta waxbarashada?,TRUE,,,,,,,,,,
151,begin_group,school_barriers,School barriers,Caqabadaha hortogaan waxbarashada/ dugsiyada,,"selected(${access_school},'no')",,,,,,,,,
152,note,school_barrier_note,What are the 3 mains concerns you have for school enrollment or attendance?,Waa maxay 3da arimood ee ugu waaweyn ee ka hortaagan caruurtu inay isdiwaan geliyaan ama xaadiraan dugsiga?,,,,,,,,,,,
153,select_one school_barriers,school_barrier_first,First reason,Sababta Kowad,TRUE,,,"not(selected(.,""none""))",First barrier cannot be none,,,,,,
154,select_one school_barriers,school_barrier_second,Second reason,Sababta labaad,TRUE,,,"not(selected(., ${school_barrier_first}))",Cannot be the same as the first,,,,,,
155,select_one school_barriers,school_barrier_third,Third reason,sababta saddexaad,TRUE,"not(selected(${school_barrier_second},'none'))",,"not(selected(., ${school_barrier_first}) or selected(., ${school_barrier_second}))",Cannot be the same as the first or second,,,,,,
156,text,school_barrier_other,"Other, specify","Midkale, Fadlan qeex",TRUE,"selected(${school_barrier_first},'other') or selected(${school_barrier_second},'other') or selected(${school_barrier_second},'other')",,,,,,,,,
157,end_group,,,,,,,,,,,,,,
158,select_one cashforeducation,cash_education,"If available, what would be the main type of support you would require for school enrollment or attendance?","Haddii la heli karo, waa maxay nooca caawimada ugu weyn oo aad u baahantahay iska diwaan gelinta iyo xaadirintaankaba?",TRUE,,,,,,,,,,
159,text,cash_education_other,"Other, specify","Midkale, Fadlan qeex",TRUE,"selected(${cash_education},'other')",,,,,,,,,
160,end_group,,,,,,,,,,,,,,
161,begin_group,Health,Health,Caafimaadka,,"selected(${consensus},'yes')",,,,,,,,,
162,select_multiple child_condition,child_health,Have any children (less than 5 years old) in the household suffered from the following illnesses or complications in the past 3 months/90 days? _Read out options to respondents_,Ma jiraan wax caruur ah (ka yar 5 sano jir) oo ka tirsan qoyskiina oo qabay xanuunadan soo socdo sadexdii bilood ee lasoo dhaafay?,TRUE,${children_0_4} > 0,,"not((selected(.,'none') or selected(.,'dnk')) and count-selected(.) >1)",Cannot select 'none' or 'don't know' and any other option,,,,,,
163,select_one yes_no,child_health_access,Were you able to access a healthcare facility in response to this issue?,Ma awoodeen inaad heshaan xarun caafimaad oo wax ka qabata dhibaatadan/xanuunadaas?,TRUE,"selected(${child_health}, 'malaria') or selected(${child_health}, 'fever') or selected(${child_health}, 'awd') or selected(${child_health}, 'respiratory_problems') or selected(${child_health}, 'malnutrition') or selected(${child_health}, 'other')",,,,,,,,,
164,select_one y_n_dk,pregnancy_health,Have any pregnant women or any women from the household who gave birth (in the last 6 months)  suffered from pre- or post-partum complications (any complications during or immediately after pregnancy)?,Ma jiraan dumar uur leh ama ilma dhashay (6 bilood ee lasoo dhaafay) oo ka tirsan qoyskiina oo qabay xannuuno ka hor ama ka dib dhalmada?,TRUE,,,,,,,,,,
165,select_one yes_no,pregnancy_health_access,Were you able to access a healthcare facility in response to this issue?,Ma awoodeen inaad heshaan xarun caafimaad oo wax ka qabata dhibaatadan/xanuunadaas?,TRUE,"selected(${pregnancy_health}, 'yes')",,,,,,,,,
166,select_multiple adult_condition,adult_heatlh,"Have any other members (i.e. female (not pregnant) above 5 years and male above 5 years) from the household suffered from the following? _Read out options to respondents_
",Ma jireen xubno kale (dumar aan uur lahayn kana weyn 5 sano jir iyo rag ka weyn 5 sano jir) oo qoyskiina ka tirsan oo qabay xanuunadan soo socdo?,TRUE,,,"not((selected(.,'none') or selected(.,'dnk')) and count-selected(.) >1)",Cannot select 'none' or 'don't know' and any other option,,,,,,
167,select_one yes_no,adult_health_access,Were you able to access a healthcare facility in response to this issue?,Ma awoodeen inaad heshaan xarun caafimaad oo wax ka qabata dhibaatadan/xanuunadan?,TRUE,"not(selected(${adult_heatlh}, 'none') or selected(${adult_heatlh}, 'dnk') )",,,,,,,,,
168,begin_group,health_barriers,Health barriers,Caqabadaha hortaagan helitaanka Daryeel caafimaad,,"selected(${child_health_access},'no') or selected(${pregnancy_health_access},'no') or selected(${adult_health_access},'no')",,,,,,,,,
169,note,health_barrier_note,What are the 3 main concerns you have in accessing healthcare services?,Waa maxay 3 dhibaatooyin ee ugu weyn ee idinka hortaagan inaad heshaan adeeg daryeel caafimaad?,,,,,,,,,,,
170,select_one health_barriers,health_barrier_first,First reason,Sababta koowaad:,TRUE,,,"not(selected(.,""none""))",First barrier cannot be none,,,,,,
171,select_one health_barriers,health_barrier_second,Second reason,Sababta labaad:,TRUE,,,"not(selected(., ${health_barrier_first}))",Cannot be the same as the first,,,,,,
172,select_one health_barriers,health_barrier_third,Third reason,Sababta seddexaad:,TRUE,"not(selected(${health_barrier_second},'none'))",,"not(selected(., ${health_barrier_first}) or selected(., ${health_barrier_second}))",Cannot be the same as the first or second,,,,,,
173,end_group,,,,,,,,,,,,,,
174,text,health_barrier_other,"Other, specify","Sabab kale, fadlan qeex/sheeg:",TRUE,"selected(${health_barrier_first},'other') or selected(${health_barrier_second},'other') or selected(${health_barrier_third},'other')",,,,,,,,,
175,select_one all_some_none_dnk,vaccination_children,Have all children in the household have been vaccinated?,Ma la talaalay dhamaan caruurta qoyskiina?,TRUE,${children_vaccine_age} > 0,,,,,,,,,
176,select_one all_some_none_dnk,vaccination_card,Do all vaccinated children have a vaccination card?,Dhamaan caruurta la talaalay ma haysataan kaarka talaalka?,TRUE,"selected(${vaccination_children}, 'all') or selected(${vaccination_children}, 'some')",,,,,,,,,
177,begin_group,vaccination_barriers,Vaccination barriers,Caqabadaha hortaagan helitaanka Talaalka,,"selected(${vaccination_children},'some') or selected(${vaccination_children},'none')",,,,,,,,,
178,note,vaccination_barrier_note,Why have children not been vaccinated?,Maxaa caruurta loo talaali waayay?,,,,,,,,,,,
179,select_one health_barriers,vaccination_barrier_first,First reason,Sababta koowaad:,TRUE,,,"not(selected(.,""none""))",First barrier cannot be none,,,,,,
180,select_one health_barriers,vaccination_barrier_second,Second reason,Sababta labaad:,TRUE,,,"not(selected(., ${vaccination_barrier_first}))",Cannot be the same as the first,,,,,,
181,select_one health_barriers,vaccination_barrier_third,Third reason,Sababta seddexaad:,TRUE,"not(selected(${vaccination_barrier_second},'none'))",,"not(selected(., ${vaccination_barrier_first}) or selected(., ${vaccination_barrier_second}))",Cannot be the same as the first or second,,,,,,
182,end_group,,,,,,,,,,,,,,
183,text,vaccination_barrier_other,"Other, specify","Sabab kale, fadlan qeex/sheeg:",TRUE,"selected(${vaccination_barrier_first},'other') or selected(${vaccination_barrier_second},'other') or selected(${vaccination_barrier_third},'other')",,,,,,,,,
184,select_multiple mental_problems,mental_problems_faced,Does any one in your household face or has faced one or more of the following problems in the past 12 months/1 year? _Read out options to respondents_,Ma jiraa qof ka tirsan qoyskiina oo la kulma ama la kulmay mid ama wax ka badan oo ka mid ah dhibaatooyinkan soo socdo sanadkii la soo dhaafay?,TRUE,,,"not((selected(.,'none') or selected(.,'dnk')) and count-selected(.) >1)","cannot select ""No change"" and ""I don’t know or I don’t want to answer"" with any other option",,,,,,
185,select_one y_n_dk,using_chains,Has any one in your family been chained?,Ma jiraa qof ka tirsan qoyskiina oo la katiinadeeyay ama la xiray? (Tusaale ahaan qof dhimirka la'),TRUE,,,,,,,,,,
186,select_one birth_location,birth_where,Where have women in the family given birth in the past year?,Xagee ayay ku dhali jireen dumarka qoyskiina ka tirsan sanadkii la soo dhaafay?,TRUE,,,,,,,,,,
187,text,birth_where_other,"Other, specify","Meel kale, fadlan qeex/sheeg",TRUE,"selected(${birth_where}, 'other')",,,,,,,,,
188,select_one yes_no,pay_health,Do you pay for health care?,Lacag miyaad ku bixisaan daryeelka caafimaad?,TRUE,,,,,,,,,,
189,select_one usd_price,cash_bracket_treatment,"How much on average did the household spend on healthcare (consultation, medicine) in the past 3 months/90 days?","Celcelis ahaan immisa lacag ah ayaa qoyskiina kaga baxday daryeelka caafimaad (talo caafimaad, dawo) 3 bilood ee lasoo dhaafay?",TRUE,"selected(${pay_health}, 'yes')",,,,,,,,,
190,select_one change_price,health_price_change,Has this cost increased or decreased in the past 3 months/90 days?,Kharashkan ma kordhay ama hoos ayuu u dhacay 3 bilood ee lasoo dhaafay?,TRUE,"selected(${pay_health}, 'yes')",,,,,,,,,
191,select_one time,time_health,How long does it take you to reach the nearest healthcare facility ?,Immisa ayay kugu qaadataa inaad ku gaartid/tagtid xarunta caafimaadka ee kuugu dhow?,TRUE,,,,,,,,,,
192,select_one transport_type,transport_health,How do you get there?,Sidee ku gaartaa/tagtaa halkaa?,TRUE,,,,,,,,,,
193,select_one health_facility_type,health_facility,What is the type of health facility?,Waa noocee xarunta/rugta caafimaadka?,TRUE,,,,,,,,,,
194,text,health_facility_other,"Other, specify","Nooc kale, fadlan qeex/sheeg",TRUE,"selected(${health_facility}, 'other')",,,,,,,,,
195,select_one y_n_dk,mobile_health_outreach,"Have you or anyone in your household had access to a mobile health team (doctors, nurses, NGO) in the past 6 months?","Ma jiraa adiga ama qof qoyskiina ka tirsan oo helay kooxda caafimaadka ee wareega (dhakhaatiir, kalkaaliyayaal caafimaad, Hay'ad ) 6 bilood ee lasoo dhaafay?",TRUE,,,,,,,,,,
196,select_one cash_health,cash_health,"If available, what would be the main type of support you would require for healthcare or accessing healthcare facilities?","Haddii la heli karo, waa maxay nooca ugu weyn ee taageero uga baahan tahay daryeelka caafimaad ama helitaanka xarun/rug caafimaad?",TRUE,,,,,,,,,,
197,select_one cash_vaccination,cash_vaccination,"If available, what would be the main type of support you would require for vaccinating children?","Haddii la heli karo, waa maxay nooca ugu weyn ee taageero uga baahan tahay tallaalida caruurta?",TRUE,,,,,,,,,,
198,end_group,,,,,,,,,,,,,,
199,begin_group,N,Nutrition,Nafaqada,,"selected(${consensus},'yes')",,,,,,,,,
,begin_group,nutrition_visit,Nutrition visits,Nutrition visits,,,field-list,,,,,,,,
200,note,receive_visit,Have you or anyone in your household received a visit from the following in the past 6 months:,Ma jiraa adiga ama qof qoyskiina ka tirsan oo laga soo booqday meelahan 6 bilood ee lasoo dhaafay?,,,,,,,,,,,
201,select_one y_n_dk,mobile_nutrition_team,Mobile nutrition team to assess for malnutrition,Kooxda wareegta ee nafaqada si ay u qiimeeyaan xaalada nafaqo daro,TRUE,,,,,,,,,,
202,select_one y_n_dk,mobile_muac_screening_plw,Mobile team doing MUAC screening for pregnant or lactating women,Kooxda wareegta ee nafaqada ee qaadaya cabirka wareega cududa sare ee dumarka uurka leh ama  nuujinaya (MUAC),TRUE,"selected(${plw},'yes')",,,,,,muactap.jpg,muactap.jpg,,
203,select_one y_n_dk,mobile_muac_screening_u5,Mobile team doing MUAC screening for children under age 5,Kooxda wareegta ee nafaqada ee qaadaya cabirka wareega cududa sare ee caruurta ka yar 5 sano jir (MUAC),TRUE,,,,,,,muactap.jpg,muactap.jpg,,
,end_group,,,,,,,,,,,,,,
204,select_one y_n_dk,plw_using_suplements,Are there any pregnant or lactating women in your household using any of the following supplements: Plumpy Sup/Nut or Corn Soybean Based vegetable oil? _Show photos_,Ma jiraa dumar uur leh ama nuujinaysa ee qoyskiina oo isticmaala cuntooyinka kaalmaatiga ah: buskut loos/ ama saliida borotiinka leh ee laga sameeyay galeyda iyo digirta (fadlan tus sawirka)?,TRUE,"selected(${plw},'yes')",,,,,,plumpy.jpg,plumpy.jpg,,
205,select_one y_n_dk,children_using_suplements,"Are there any children using any of the following supplements: Plumpy Sup, Plumpy Nut? _Show photos_",Ma jiraa caruur qoyskiina ka tirsan  oo isticmaala cuntooyinka kaalmaatiga ah: buskut loos/ ama saliida borotiinka leh ee laga sameeyay galeyda iyo digirta (fadlan tus sawirka)?,TRUE,,,,,,,plumpy.jpg,plumpy.jpg,,
206,select_one y_n_dk,children_enrolled_nutrition_centers, Are there any children enrolled in a nutritional centre or therapeutic feeding centre since the past 6 months?,Ma jiraan caruur qoyskiina ka tirsan oo laga diiwaangeliyay xarun nafaqo ama xarun quudinta daweysan lixdii bilood ee lasoo dhaafay?,TRUE,,,,,,,,,,
207,select_one time,nearest_nutrition_center,How long does it take you to reach the nearest nutritional centre or therapeutic feeding centre?,Immisa ayay kugu qaadataa inaad ku gaartid/tagtid xarunta nafaqada  ama xarunta quudinta daweysan ee kuugu dhow?,TRUE,,,,,,,,,,
208,select_one transport_type,transport_type_used,How do you get there?,Sidee ku gaartaa/tagtaa halkaa?,TRUE,,,,,,,,,,
209,select_one yes_no,access_nearest_nutrition_center, Have you been able to access  the nearest nutritional centre or therapeutic feeding centre when needed?,Ma awooday inaad tagtid xarunta nafaqada ama xarunta quudinta dawaysan ee kuugu dhow markaad u baahato?,TRUE,,,,,,,,,,
210,begin_group,nutrition_barrier_group,Nutrition barrier,Caqabadaha Nafaqada,,"selected(${access_nearest_nutrition_center},'no')",,,,,,,,,
211,note,nutrition_barrier_note,What are the 3 main concerns you have in accessing nutritional services?,Waa maxay 3 caqabado ee ugu weyn idinka hortaagan inaad heshaan adeegyo nafaqo?,,,,,,,,,,,
212,select_one nutrition_barrier,nutrition_barrier_first,First Reason,Sababta koowaad:,TRUE,,,"not(selected(.,""none""))",First barrier cannot be none,,,,,,
213,select_one nutrition_barrier,nutrition_barrier_second,Second Reason,Sababta labaad:,TRUE,,,"not(selected(., ${vaccination_barrier_first}))",Cannot be the same as the first,,,,,,
214,select_one nutrition_barrier,nutrition_barrier_third,Third Reason,Sababta seddexaad:,TRUE,"not(selected(${vaccination_barrier_second},'none'))",,"not(selected(., ${vaccination_barrier_first}) or selected(., ${vaccination_barrier_second}))",Cannot be the same as the first or second,,,,,,
215,end_group,,,,,,,,,,,,,,
216,text,nutrition_barrier_other,"Other, specify","Sabab kale, fadlan qeex/sheeg:",TRUE,"selected(${nutrition_barrier_first},'other') or selected(${nutrition_barrier_second},'other') or selected(${nutrition_barrier_third},'other')",,,,,,,,,
217,end_group,,,,,,,,,,,,,,
218,begin_group,P,WASH,WASH,,"selected(${consensus},'yes')",,,,,,,,,
219,select_one water_source,primary_source_drinking_water,What was your primary source of drinking water in the last 30 days?,Xagee ka heshay biyaha aad maalinlaha u isticmaashid  cabida 30-kii maalmood ee ugu dambeeyey?,TRUE,,,,,,,,,,
220,select_one water_source,primary_water_for_cooking,"What was your primary source of water to cook, bathe, and clean (not for livestock or agriculture) in the last 30 days?","Xagee ka heshaa biyaha aad maalinlaha u isticmaashid (dhaqida, karinta iyo cabida)30-kii maalmood ee ugu dambeeyey??",TRUE,,,,,,,,,,
221,select_one yes_no,enough_drinking_water,Did you have enough drinking water for all household members in the last 30 days?,Miyaad haysatay biyo cabidda ku filan dhammaan xubnaha qoyska 30-kii maalmood ee ugu dambeeyey?,TRUE,,,,,,,,,,
222,select_one yes_no,enough_cooking_water,"Did you have enough water for cooking, bathing, and cleaning in the last 30 days?","Miyaad haysatay biyo ku filan isticmaalka cunto karinta, maydhasho, iyo nadiifin 30-kii maalmood ee ugu dambeeyey?",TRUE,,,,,,,,,,
223,select_one yes_no,treat_drinking_water,Do you treat your drinking water?,Miyaad daawaysaa biyahaaga cabitaankaaga?,TRUE,,,,,,,,,,
224,select_one water_treat_how,water_treat_how,How do you treat your water?,Sidee iskaga daaweysaa/nadiiifaysaa biyaha la cabo?,TRUE,"selected(${treat_drinking_water},'yes')",,,,,,,,,
225,select_one time,time_to_reach_water_source,How long by foot does it take to reach your primary water source from your home?,Imisa ayey kugu qaadaneysaa inaad u lugeysid goobta kugu dhaw ee biyaha laga soo dhaansado?,TRUE,,,,,,,,,,
226,select_one yes_no,pay_water,Do you pay for water?,Biyaha lacag maka dhiibtaa?,TRUE,,,,,,,,,,
227,select_one water_price,how_much_pay_water,How much on average did the household spend on water in the past 3 months?,Celcelis ahaan Imisuu ahaa qiimaha  biyaha saddexdii bilood ee la soo dhaafay? ,TRUE,"selected(${pay_water},'yes')",,,,,,,,,
228,select_one price_change,water_price_changed,Has this cost increased or decreased in the past 3 months/90 days?,Qiimahaasi ma kordhay mise hoos ayuu u dhacay 3dii bilood ee lasoo dhaafay ?,TRUE,"selected(${pay_water},'yes')",,,,,,,,,
229,select_multiple water_storage,how_water_stored,How do you store your water?,Sidee ayaad u kayd sataa biyahaaga?,TRUE,,,,,,,,,,
230,select_one refill_jerrycan,refill_jerrycan,How often do you re-fill the jerry cans in a day?,intee jeer ayaad biyo soo dhaansataa maalinkii?,TRUE,"selected(${how_water_stored},'jerry_can')",,,,,,,,,
231,select_multiple jerrycan_condition,jerrycan_condition,"Are your jerry cans narrow-necked, covered, or stored on an elevated platform?","Miyuu jrinkaagu afyar yahay, dabool ma leeyahay ama meelsare ma la dhigaa ?",TRUE,"selected(${how_water_stored},'jerry_can')",,,,,,,,,
232,select_one household_latrine,household_access_latrine,Does your household have access to a latrine?,Qoyskaaga ma helaa suuli/musqul?,TRUE,,,,,,,,,,
233,begin_group,latrine_group,Latrines,Musqul,,"not(selected(${household_access_latrine},'no_latrine'))",,,,,,,,,
234,select_one yes_no,sharing_latrines,Do you share the latrine with more than 2 other households (not including your own)?,Ma la wadaagtaan musqulaha/suuliyada in ka badan 2 qoys oo kale (aanuu qoyskaagu ku jirin)?,TRUE,"selected(${household_access_latrine},'yes_shared')",,,,,,,,,
235,select_one latrine_type,latrine_type,What type of latrine do you mainly use?,Sheeg nooca suuliga/musqusha?,TRUE,,,,,,,,,,
236,select_one yes_no,latrines_seperated_by_gender,Are latrines used by your household separated by gender?,Musqulaha ma u kala soocan yihiin Rag iyo dumar?,TRUE,,,,,,,,,,
237,select_one yes_no,latrines_accessible_to_disabled,Are latrines used by your household accessible for disabled people?,Musqulaha/Suuliyada ma isticmaali karaan dadka naafada ah?,VRAI,,,,,,,,,,
238,select_one yes_no,latrines_locked_from_inside,Are latrines used by your household lockable from the inside?,Musqulaha/Suuliyada maka xirmi karaan gudaha?,TRUE,,,,,,,,,,
239,select_one yes_no,functional_handwashing,Do latrines used by your household have functional facilities for handwashing (water and soap)?,Musqulaha/Suuliyada ma leeyihiin meel gacmo-dhaq oo shaqeynaya?,TRUE,,,,,,,,,,
240,select_one yes_no,latrines_have_light,Do latrines used by your household have lighting at night?,Suuliga/musqusha qoyskaaga uu isticmaalo ma leedahay wax iftiin/leyr ah xilliga habeenki?,TRUE,,,,,,,,,,
241,select_one latrine_hygiene,latrine_hygiene,How hygienic were latrines in the last 30 days?,Musqulaha/Suuliyada nadiif ma ahaayeen 30 maalmood la soo dhaafay?,TRUE,,,,,,,,,,
242,select_one time,time_to_reach_latrine,How long by foot does it take to reach the nearest latrine you use from your home?,Intee  kugu qadanaysaa inaad lug ahaan ku gaadhid suuliga ugu dhow gurigaaga? ,TRUE,,,,,,,,,,
243,end_group,,,,,,,,,,,,,,
244,select_one dispose_children_feaces,dispose_children_feaces,"How do you dispose of faeces, and/or faeces of children?",Side isaga asturtaan saxarada iyo saxarada caruurta?,TRUE,,,,,,,,,,
245,select_multiple enviromental_sanitaiton_problems,enviromental_sanitaiton_problems,What environmental sanitation problems does the household face? _direct observation within 10m of the dwelling_,Maxay yihiin dhibaatooyinka nadaafadda deegaanka ee guriga ka jira? (indha-indheyn toos ah 10m oo guryo ah),TRUE,,,"not(selected(., ""none"") and count-selected(.) > 1)","cannot select ""No change"" and ""I don’t know or I don’t want to answer"" with any other option",,,,,,
246,select_multiple when_wash_hands,when_wash_hands,At what times do you wash your hands?,Waqtigee ayaad gacmahaaga dhaqdaa?,TRUE,,,,,,,,,,
247,select_one yes_no,access_to_soap,Do you have soap in your household or daily access to soap?,Miyaad haysataa saabuun  mise heli kartaan maalin kasta?,TRUE,,,,,,,,,,
248,select_one time,nearest_handwashing_facility,How long by foot does it take to reach the nearest handwashing facility you use from your home?,Intee ayay kugu qaadataa inaad lug ku gaartid meesha kugu dhow ee faraha lagu dhaqdo?,TRUE,,,,,,,,,,
249,select_one y_n_dk,hygienic_menstruction_materials,Do women in the household have access to and use hygienic menstruation materials?,Haweenka qoysku ma heli karaan iyo mana isticmaali karaan qalabka nadaafadda haweenka?,TRUE,,,,,,,,,,
250,begin_group,water_access_barrier,Water Access Barrier,Caqabadaha helitaanka  Biyaha,,,,,,,,,,,
251,note,water_access_barrier_note,"What are the 3 main concerns you have in accessing drinking water, or water for cooking, cleaning, bathing?","Waa maxay  3da dhibaatooyin ugu waaweyn ee aadla kulantosi aad uhesho biyo nadiif ah, ama biyo lagu kariyo, nadiifinta, Qabeyska?",,,,,,,,,,,
252,select_one concerns_accessing_drinking_water,water_access_barrier_first,First reason,Sababta koowaad,TRUE,,,,,,,,,,
253,select_one concerns_accessing_drinking_water,water_access_barrier_second,Second reason,Sababta labaad,TRUE,"not(selected(${water_access_barrier_first},'none'))",,"not(selected(., ${water_access_barrier_first}))",Cannot be the same as the first,,,,,,
254,select_one concerns_accessing_drinking_water,water_access_barrier_third,Third reason,Sababta saddexaad,TRUE,"not(selected(${water_access_barrier_first},'none') or selected(${water_access_barrier_second},'none'))",,"not(selected(., ${water_access_barrier_first}) or selected(., ${water_access_barrier_second}))",Cannot be the same as the first or second,,,,,,
255,end_group,,,,,,,,,,,,,,
256,text,water_access_barrier_other,"Other, specify","Kale, sheeg",TRUE,"selected(${water_access_barrier_first},'other') or selected(${water_access_barrier_second},'other') or selected(${water_access_barrier_third},'other')",,,,,,,,,
257,begin_group,latrine_access_barrier,Latrine Access Barrier,Caqabadaha helitaanka  Musqul,,,,,,,,,,,
258,note,latrine_access_barrier_note,What are the 3 main concerns you have in accessing latrines?,Waa maxay 3da dhibaatooyin ugu waaweyn ee aad kala kulanto helitaanka musqulo?,,,,,,,,,,,
259,select_one concerns_accessing_latrines,latrine_access_barrier_first,First reason,Sababta koowaad,TRUE,,,,First barrier cannot be none,,,,,,
260,select_one concerns_accessing_latrines,latrine_access_barrier_second,Second reason,Sababta labaad,TRUE,"not(selected(${latrine_access_barrier_first},'none'))",,"not(selected(., ${latrine_access_barrier_first}))",Cannot be the same as the first,,,,,,
261,select_one concerns_accessing_latrines,latrine_access_barrier_third,Third reason,Sababta saddexaad,TRUE,"not(selected(${latrine_access_barrier_first},'none') or selected(${latrine_access_barrier_second},'none'))",,"not(selected(., ${latrine_access_barrier_first}) or selected(., ${latrine_access_barrier_second}))",Cannot be the same as the first or second,,,,,,
262,end_group,,,,,,,,,,,,,,
263,text,latrine_access_barrier_other,"Other, specify","Haddii caqabado Kale, sheeg",TRUE,"selected(${latrine_access_barrier_first},'other') or selected(${latrine_access_barrier_second},'other') or selected(${latrine_access_barrier_third},'other')",,,,,,,,,
264,begin_group,hygiene_barrier,Hygiene Access Barrier,Caqadaha helitanka  qalabka nadaafadda,,,,,,,,,,,
265,note,hygiene_barrier_note,What are the 3 main concerns you have in accessing handwashing facilities or hygienic menstruation materials?,Waa maxay   3ka dhibaatooyin ugu waaweyn ee aad kala kulanto helitaanka qalabka gacma-dhaqidda ama qalabka nadaafadda ee  haweenka?,,,,,,,,,,,
266,select_one concerns_accessing_handwashing,hygiene_barrier_first,First reason,Sababta koowaad,TRUE,,,,First barrier cannot be none,,,,,,
267,select_one concerns_accessing_handwashing,hygiene_barrier_second,Second reason,Sababta labaad,TRUE,"not(selected(${hygiene_barrier_first},'none'))",,"not(selected(., ${hygiene_barrier_first}))",Cannot be the same as the first,,,,,,
268,select_one concerns_accessing_handwashing,hygiene_barrier_third,Third reason,Sababta saddexaad,TRUE,"not(selected(${hygiene_barrier_first},'none') or selected(${hygiene_barrier_second},'none'))",,"not(selected(., ${hygiene_barrier_first}) or selected(., ${hygiene_barrier_second}))",Cannot be the same as the first or second,,,,,,
269,end_group,,,,,,,,,,,,,,
270,text,hygiene_barrier_other,"Other, specify","Kale, sheeg",TRUE,"selected(${hygiene_barrier_first},'other') or selected(${hygiene_barrier_second},'other') or selected(${hygiene_barrier_third},'other')",,,,,,,,,
271,select_one dificulty_obtaining_soap,dificulty_obtaining_soap,Difficulty in obtaining soap,Dhibaatada helitaanka saabuun,TRUE,"selected(${hygiene_barrier_first},'no_soap') or selected(${hygiene_barrier_first},'diff_soap') or selected(${hygiene_barrier_second},'no_soap') or selected(${hygiene_barrier_second},'diff_soap') or selected(${hygiene_barrier_third},'no_soap') or selected(${hygiene_barrier_third},'diff_soap') ",,,,,,,,,
272,select_one dificulty_obtaining_menstruation,dificulty_obtaining_menstruation,Difficulty in obtaining menstruation materials,Way adag tahay helitaanka alaabada caadada,TRUE,"selected(${hygiene_barrier_first},'diff_mens_mat') or selected(${hygiene_barrier_second},'diff_mens_mat') or selected(${hygiene_barrier_third},'diff_mens_mat')",,,,,,,,,
273,select_one main_support_for_drinking or_other,main_support_required,"If available, what would be the main type of support you would require for accessing drinking water or water for cooking, bathing, cleaning?","Haddii la heli karo, maxay noqon kartaa nooca ugu muhiimsan ee taageerada aad u baahan tahay si aad u hesho biyo cabid ama biyo lagu kariyo, lagu qabeeysaka, lagu nadiifiyo?",TRUE,,,,,,,,,,
274,select_one main_support_latrines or_other,main_support_latrines,"If available, what would be the main type of support you would require for accessing latrines?","Haddii la heli karo, maxay noqon kartaa nooca ugu muhiimsan ee taageerada ee aad u baahan tahay helitaanka musqulo?",TRUE,,,,,,,,,,
275,select_one main_support_handwashing or_other,main_support_handwashing,"If available, what would be the main type of support you would require for accessing handwashing facilities, hygienic materials?","Haddii la heli karo, maxay noqon kartaa nooca ugu muhiimsan ee taageerada aad u baahan tahay si aad u hesho qalabka gacma-dhaqashada, qalabka nadaafadda?",TRUE,,,,,,,,,,
276,select_one y_n_dk,household_been_consulted_water,"Has your household been consulted, or able to participate in the design, location, delivery of drinking water or water sources?","Qoyskaagu ma lagala tashaday, ama awoodi karayeen  in uu ka qaybqaato qorshaynta, goobta, bixinta biyaha la cabbo ama ilaha biyaha?",TRUE,,,,,,,,,,
277,select_one y_n_dk,household_been_consulted_sanitaiton,"Has your household been consulted, or able to participate in the design, location, delivery of sanitation facilities?","Qoyskaagu ma lagala tashaday, ama awoodi karayeen  in uu ka qaybqaato qorshaynta, goobta, bixinta qalabka nadaafadda?",TRUE,,,,,,,,,,
278,select_one y_n_dk,water_sourcces_well_developed,Do you believe that water sources are well developed and sustainable?,Miyaad aaminsan tahay in ilaha biyaha ay si fiican loo hagaajiyey oo muddana waari karaan?,TRUE,,,,,,,,,,
279,end_group,,,,,,,,,,,,,,
280,begin_group,O,Shelter and Non-Food Items,Hoyga iyo macuunta,,"selected(${consensus},'yes')",,,,,,,,,
281,integer,shelter_occupy,How many shelters does the household occupy in this location (0 if open air)?,Imisa hoy ayuu qoyskiinu degenyahay?,TRUE,,,,,,,,,,
282,begin_group,shelter_group,Shelter,hoy,,${shelter_occupy} > 0,,,,,,,,,
283,integer,age_of_shelter,How old is your shelter in months? (enter 999 if unknown),imisa bilood ayuu dhisanyahay hoygiinu? ( waxad galisaa 999 hadi an la aqoon),TRUE,,,,,,,,,,
284,select_one yes_no,accupying_longer_3_months,Have you been occupying this shelter for longer than 3 months/90 days?,ma waxad daganaydeen hoygan wax kadan 3 bilood?,TRUE,,,,,,,,,,
285,select_one floor_material,primary_floor_material,What is the primary floor material?,waa maxay alaabta asaasiga ah ee sagxada?,TRUE,,,,,,,,,,
286,select_one structural_material,primary_structural_material,What is the primary structural material?,wa maxay alaabta asaasiga ah ee qaab dhismeedka?,TRUE,,,,,,,,,,
287,select_one roof_material,primary_roof_material,What is the primary roof material?,Muxuu ka samaysan yahay saqafka gurigu?,TRUE,,,,,,,,,,
288,select_one roof_wall_material,primary_wall_material,What is the primary wall?,waa maxay waxa uu ka samysan yahay darbiga hoygiinu ?,TRUE,,,,,,,,,,
289,select_one door_material,primary_door_material,What is the primary door material?,waa maxay waxa uu ka samysan yahay Albaabka hoygiinu ?,TRUE,,,,,,,,,,
290,select_one yes_no,shelter_damaged_last_90_days,"Has your shelter (walls, roof, doors) been damaged (moderate or heavy) and not been repaired in the past 3 months/90 days?","( darbiga, saqafka iyo albaabadu) hoygina waxyeelo ma soo gartay habadnaato ama hayaratee oo an la dayacdirin 3 bilood ee lasoo dhafay ?",TRUE,,,,,,,,,,
291,select_one reason_for_shelter_damage,reason_for_shelter_damage,What was the main reason for shelter damage?,maxay ahayd sababta ugu wayn ee hooy giinu u wax yeeloobay ,TRUE,"selected(${shelter_damaged_last_90_days},'yes')",,,,,,,,,
292,select_one yes_no,internal_seperation_rooms,Is there internal separation of rooms within the shelter?,Qolalka gudaha ee hoygiinu ma kala qaybsan yihiin?,TRUE,,,,,,,,,,
293,select_one yes_no,source_of_light_at_night,Is there a source of light at night?,Ma jiraa laydh/iftiin habeenkii ?,TRUE,,,,,,,,,,
294,select_one yes_no,shelter_lock_from_inside,Can you lock the shelter from the inside?,Qolalka  hoosta ama gudaha  ma ka xidhan kartaan?,TRUE,,,,,,,,,,
,select_one yes_no,shelter_lock_from_outside,Can you lock the shelter from the Outside?,Qolalka/Hoyga Dusha ma ka xidhan kartaan?,,,,,,,,,,,
295,select_one yes_no,theft_from_shelter,Has there been any theft from your shelter in the past 3 months/90 days?,Ma  jiraan wax la idinka xaday 3dii bilood ee lasoo dhafay ?,TRUE,,,,,,,,,,
296,end_group,,,,,,,,,,,,,,
297,select_multiple nfis,household_nfi,Does your household have the following quantity of basic items? _Read out options to respondents_,Qoyskiinu  ma haysta agabka asassiga ah ee soo socda ?,TRUE,,,"not(selected(.,'none') and count-selected(.) >1)",Cannot select choose not to answer' and any other option,,,,,,
298,select_one shelter_support or_other,shelter_support,"If available, what would be the main type of support you would require for your shelter?","hadii la heli karo, waa maxay caawimada hoyga ee ugu muhiimsan aad u baahnaan lahaydeen ?",TRUE,,,,,,,,,,
299,select_one nfis_support or_other,nfis_support,"If available, what would be the main type of support you would require for non-food items?","hadii la heli karo, waa maxay caawimada macuunta ee ugu muhiimsan aad u baahnaan lahaydeen ?",TRUE,,,,,,,,,,
300,select_one y_n_dk,fore_shelter,Do you believe that you will have access to your shelter for the winter season?,ma aaminsantahay in aad ku noolaan karto hoygaaga xiliga jilaalka?,TRUE,,,,,,,,,,
301,select_one y_n_dk,fore_blank,Do you believe that you will have enough blankets and warm clothes for the winter season?,ma amninsantahay inaad haysan doonta busteyaal iyo dharka dhaxanta oo kugu filan xiliga jilaalka?,TRUE,,,,,,,,,,
303,end_group,,,,,,,,,,,,,,
304,begin_group,prot,Protection,Ilaalinta Xuquuqda,,"selected(${consensus},'yes')",,,,,,,,,
305,select_one yes_no,free_movement,Are members of your household able to move freely in the community and surrounding area?,Xubnaha  qoyskaaga miyay awoodaan inay si xor ah u socon karaan bulshada dhexdeeda iyo deegaanka ku xeeran?,TRUE,,,,,,,,,,
306,select_one y_n_dk,unsafe_male,Are there any areas in your community where boys or men do not feel safe?,Miyay jirtaa meelo aynay inamada ama raggu ku dareemin amaan bulshada dhexdeeda?,TRUE,,,,,,,,,,
307,select_multiple male_unsafe,unsafe_area_male,Where do boys and men not feel safe?,Meeshee ayaanay ragga iyo wiilashu dareemin amaan?,TRUE,"selected(${unsafe_male},'yes')",,"not(selected(.,'choose_no_answer') and count-selected(.) >1)",Cannot select choose not to answer' and any other option,,,,,,
308,text,unsafe_area_male_other,"Other, specify","wax kale, fadlan sheeg",TRUE,"selected(${unsafe_area_male},'other')",,,,,,,,,
309,select_one y_n_dk,unsafe_female,Are there any areas in your community where girls or women do not feel safe?,Miyay jirtaa meelo aynay hablaha ama dumarka ku dareemin amaan bulshada dhexdeeda?,TRUE,,,,,,,,,,
310,select_multiple female_unsafe,unsafe_area_female,Where do girls and women not feel safe?,Meelehee ayaanay ku dareemin hablaha iyo dumarku amaan?,TRUE,"selected(${unsafe_female},'yes')",,"not(selected(.,'choose_no_answer') and count-selected(.) >1)",Cannot select choose not to answer' and any other option,,,,,,
311,text,unsafe_area_female_other,"Other, specify","wax kale, fadlan sheeg",TRUE,"selected(${unsafe_area_female},'other')",,,,,,,,,
312,select_one y_n_dk,separation_members,Were there any household members separated from the household in the past 3 months/90 days?,Miyay jiraan xubno ka mid qoyska oo ka tagay qoyska intii lagu gudo jirey saddexdii bilood ee lasoo dhaafay/ 90 maalmood?,TRUE,,,,,,,,,,
313,select_multiple age_gender,separation_age_gender,What is the gender and age of the separated member?,Waa maxay jinsiga iyo da`da xubnaha tagay?,TRUE,"selected(${separation_members},'yes')",,,,,,,,,
314,select_multiple separation,separation_reasons,Why was the person separated from the household?,Muxuu qofku uga tagay qoyska?/ Maxay ahayd sababta uu qofka uga tagay qoyska?,TRUE,"selected(${separation_members},'yes')",,"not(selected(.,'dnk') and count-selected(.) >1)",Cannot select 'don’t know' and any other option,,,,,,
315,select_one never_som_always,theft_harassment,"In the last 3 months/90 days, were you or your household members worried about theft or harassment?","Saddexdii bilood ee laso dhaafay/90 maalmood, miyaa adiga ama ama xubnaha qoyskaagu ka warwareen wax ku saabsan xatooyo/tuugo ama xadgudub?",TRUE,,,,,,,,,,
316,select_one never_som_always,light_injury,"In the last 3 months/90 days, were you or your household members worried about light or moderate injuries due to accidents or violence (for e.g. injuries which can interrupt normal activities for a few days; no permanent disabilities)?","Intii lagu gudo jirey saddexdii bilood ee lasoo dhaafay, miyaa adiga ama xubno ka tirsan qoyskaaga ay ka warwareen am la so deristay   dhaawacyo fudud oo ka dhashay shilal ama rabshado ( Tusaale ahaan: dhaawacyo wax yeeleeyay hawl maalmeedkaaga caadiga ah (oo aan ahayn naafo joogto ah)?",TRUE,,,,,,,,,,
317,select_one never_som_always,grave_injury,"In the last 3 months/90 days, were you or your household members worried about grave injuries due to accident or violence (for e.g. injuries resulting in permanent disabilities, long term interruption of normal activities)?","Intii lagu gudo jirey saddexdii bilood ee laoo dhaafay/ 90kii maalmood, Miyaa adiga ama xubno ka tirsan qoyskaagu ka warwareen wax ku saabsan dhaawacyo murugo leh oo ka dhasahay shilal ama rabshado ( tusaale ahaan, dhaawacyo keenay laxaad la'aan joogto ah, taasoo wakhti dheer wax yeelaysay halahaagii caadiga ahaa)?",TRUE,,,,,,,,,,
318,select_one never_som_always,sgbv,"In the last 3 months/90 days, were you or your household members worried about sexual or gender-based violence?","Intii lagu gudo jirey saddexdii bilood ee laso dhaafay/ 90ka maalmood, miyaad adiga ama xubno ka tirsan qoyskaaga ay ka warwareen wax ku saabsan rabshado khuseeya xadgubyo xaga jinsiga ah?",TRUE,,,,,,,,,,
319,select_one never_som_always,abductions,"In the last 3 months/90 days, were you or your household members worried about abductions or kidnapping?","Intii lagu gudo jirey saddexdii bilood ee laso dhafay/ 90ka maalmood, miyaa adiga ama xubin ka tirsan qoyskaaga ay ka warwareen wax ku saabsan afduub?",TRUE,,,,,,,,,,
320,select_one never_som_always,uxo,"In the last 3 months/90 days, were you or your household members worried about landmines or unexploded ordinance or dangerous debris?",Intii lagu gudo jirey saddexdii bilood ee lasoo dhaafay/90ka maalmood miyaa adiga ama xubin ka tirsan qoyskaaga uu ka warwarey wax ku saabsan miinooyin ama qaraxyo lagugu amray ama khataro dhacay?,TRUE,,,,,,,,,,
321,select_one never_som_always,death,"In the last 3 months/90 days, were you or your household members worried about the risk or danger of death?","Saddexdii bilood ee ugu dambeeyay/90ka maalmood, miyaa adiga ama xubin ka mid ah qoyskaaga ka warweray wax ku saabsan khataro ama khatar dhimasho?",TRUE,,,,,,,,,,
322,select_one y_n_dk,hazardous_work,"Is anyone in your household currently working in dangerous or illegal conditions of work, or working without being paid?","Miyaa qof ka mid ah qoyskaaga uu hadda ka shaqeeya khatar ama xaalad shaqo oo aan sharci ahayn, ama shaqo aan lacag lagu siin?",TRUE,,,,,,,,,,
323,select_multiple age_gender,hazardous_work_age_gender,What is the gender and age of the household member engaged in such work?,Waa maxay jinsiga iyo da`da xubnaha qoyska kaasi oo ku hawlan shaqada noocan ah?,TRUE,"selected(${hazardous_work},'yes')",,,,,,,,,
324,select_one y_n_dk,own_land,Do you own the land you are settled on or the dwelling in which you live?,Ma adiga ayaa leh dhulka aad degentahay ama guriga aad ku nooshahay?,TRUE,,,,,,,,,,
325,select_one y_n_dk,doc_land_tenure,Do you own any documentation indicating land tenure or rental agreement?,Miyuu jiraa wax waraaqo sharci ah oo tilmaamaya lahaanshahaaga dhulkan ama heshiis kiro?,TRUE,,,,,,,,,,
326,select_one y_n_dk,destroyed_doc,Have you lost or have had any ownership or rental documents destroyed in the last 3 months/90 days?,Miyaad wayday ama miyaad haysatay lahaanshiyo ama waraaqo kiro oo dhamaaday intii lagu gudo jirey saddexdii bilood ee laso dhaafay/ 90ka maalmood?,TRUE,,,,,,,,,,
327,select_one y_n_dk,obtain_title,"If you do not have a written property title of ownership, do you think you could obtain it?","hadaadaan haysan wax qoraal ah oo muujinaya lahaanshe, miyaad u malaynaysaa inaad heli doonto?",TRUE,,,,,,,,,,
328,select_one y_n_dk,obtain_new_contract,"If you needed to, could you renew your rental contract or obtain a new one?","Hadii aad u baahato, miyaad dib u cusboonaysiin kartaa heshiiskaaga kirada ama aad heli kartaa mid cusub?",TRUE,,,,,,,,,,
329,select_one y_n_dk,land_grab,Have you had any land seized or grabbed from you in your area of origin or your previous location of residence?,miyaad haysatay wax dhul ah oo lagaa qaatay ama laga sharciyaystay adiga deegaankaaga aad kasoo jeedo ama meeshaadi hore ee aad degenayd?,TRUE,,,,,,,,,,
330,select_one y_n_dk,hlp_dispute,"Do you have any housing, land, or property-related disputes with other households, land-owners, rent-collectors, or tenants in the past 3 months/90 days?","Wax muran ah oo kaala dhexeeya qoysas kale , mulkiilayaal dhul, wakiilka guriga ama kirayste saddexdii bilood ee la soo dhaafay? ",TRUE,,,,,,,,,,
331,select_one y_n_dk,hlp_dispute_mech_use,Have you made use of a dispute resolution mechanism in the past 3 months/90 days?,Miyaad isticmaashay wax yaahaba lagu xalliyo khilaafka saddexdii bilood ee laso dhaafay/90 maalmood?,TRUE,"selected(${hlp_dispute},'yes')",,,,,,,,,
332,select_one y_n_dk,hlp_dispute_mech_satisfaction,Have you been satisfied with the dispute resolution mechanism that you have made use of?,Miyaad ku qanacsanayd sida loo xalliyay khilaafka taaso aad isticmaashay?,TRUE,"(selected(${hlp_dispute},'yes') and selected(${hlp_dispute_mech_use},'yes'))",,,,,,,,,
333,select_one yes_no,sgbv_consent,"The following section is going to ask about Sexual and Gender Based Violence, do you feel comfortable in replying to those questions?","Qaybahan soo socda waxaan wax kaa waydiin doona tacaddiyada jinsiga, miyaad raali ka tahay inaad ka jawaabto?",TRUE,,,,,,,,,,
334,begin_group,sgbv_section,sgbv,Tacadiyada ka dhanka jinsiga ,,"selected(${sgbv_consent},'yes')",field-list,,,,,,,,
335,select_multiple sgbv_recourse,sgbv_recourse_women,Where do women and girls go if they have experienced some form of violence?,Xagee ayay dumarka iyo gabdhahu tagaan hadii ay la kulmaan wax rabshado ah?,TRUE,,,"not((selected(.,'none') or selected(.,'dk_na') or selected(.,'no_report')) and count-selected(.) >1)",Cannot select 'none' or 'don't know' or 'not reporting' and any other option,,,,,,
336,text,sgbv_recourse_women_other,"Other, specify","wax kale, fadlan sheeg",TRUE,"selected(${sgbv_recourse_women},'other')",,,,,,,,,
337,select_one y_n_dk,sgbv_recourse_awareness,"Are you aware of any medical, legal, psychosocial services available in case of an attack of sexual or gender based violence?","Miyaad ka war qabtaa wax daawooyin ah, sharci, adeegyo nafsi ah oo la heli karo hadii ay dhacdo tacadi xaga jinsiga  ah?",TRUE,,,,,,,,,,
338,select_one y_n_dk,sgbv_recourse_use,"Has anyone in the household made use of SGBV medical, legal, or psychosocial services in the past 6 months?","Miyaa xubin ka tirsan qoyska uu helay daaweyn  xaga jinsiga, sharci ama adeegyo nafsi ah intii lagu gudo jirey 6dii bilood ee laso dhaafay?",TRUE,,,,,,,,,,
339,select_one y_n_dk,sgbv_recourse_use_satisfaction,Have you been satisfied with the SGBV services offered?,Miyaad ku qanacsanayd adeegii kaalmo oo lagu siiyey markii ay kugu dhacday tacadiga jinsiga?,TRUE,"selected(${sgbv_recourse_use},'yes')",,,,,,,,,
340,end_group,,,,,,,,,,,,,,
341,select_multiple crime_recourse,crime_recourse_hh,Where would you go if a crime has been committed against you or a member of your household?,Xagee ayaad tagi lahayd hadii dambi laguu gaysto adiga ama xubin ka tirsan qoyskaaga?,TRUE,,,"not((selected(.,'none') or selected(.,'dk_na') or selected(.,'no_report')) and count-selected(.) >1)",Cannot select 'none' or 'don't know' or 'not reporting' and any other option,,,,,,
342,text,crime_recourse_hh_other,"Other, specify","wax kale, fadlan sheeg",TRUE,"selected(${crime_recourse_hh},'other')",,,,,,,,,
343,select_one y_n_dk,judicial_remedy,Can you access effective and affordable judicial remedy?,Ma heli kartaa xal maxkamadeed oo wax ku ool aadna awoodo?,TRUE,,,,,,,,,,
344,select_one y_n_dk,judicial_remedy_effective,Do you trust that your request will be treated appropriately and without unreasonable delays?,Miyaad aaminsan tahay in codsigaaga loo fulin doono si fiican oo aan lahayn dib u dhac ?,TRUE,,,,,,,,,,
345,select_one y_n_dk,child_injury,Have any children in the household been injured in the past 2 weeks/14 days?,Miyaa wax caruur ah oo qoyska ka tirsan la dhaawacay 2dii usbuuc ee ugu dambeeyay/ 14ka cisho?,TRUE,,,,,,,,,,
346,select_one y_n_dk,child_space,"Is there a child-friendly space in your community where children can meet and play with or without supervision (for e.g. a park, gym, playground, etc.)?","Miyay jirtaa meel ku haboon caruurta bulshadaada dhexdeeda halkaaso ay caruurtu ku kulmi karaan oo ay ku cayaaraan iyadoo la kormeerayo ama aan la kormeerayn ( tusaale ahaan. Barxad, xarunta lagu cayaaro, garoon iyo wixi la mid ah)",TRUE,,,,,,,,,,
347,select_one y_n_dk,child_prot_service,"Are there any medical, legal, or social services for children in your community or area of residence?","Miyay jiraan wax daawooyin, sharci ama adeegyo bulsho oo  loogu talo galay caruurta deegaankaaga dhexdiisa ama deegaanka aad degentahay?",TRUE,,,,,,,,,,
348,select_one y_n_dk_not_used,child_prot_service_satisfaction,Are you satisfied with using such services?,Miyaad ku qanacsantahay isticmaalka adeegyada noocaas ah?,TRUE,"selected(${child_prot_service},'yes')",,,,,,,,,
349,select_one y_n_dk,exploit_hum_fee,Has anyone in the household been obliged to pay a fee for registering with a NGO or to access humanitarian aid?,Miyaa qof ka mid ah qoyska lagu khasbay inuu bixiyo lacag  lagaga diwaan galinayo urur ama inuu helo caawimo bini aadanimo?,TRUE,,,,,,,,,,
350,select_one y_n_dk,exploit_hum_favour,Has anyone in the household exchanged favours of any kind for registering with a NGO or to access humanitarian aid?,Miyaa qof ka tirsan qoyska waxuun lagaga badashay si loogu diwaangeliyo si uu u helo caawimo bini aadamnimo?,TRUE,,,,,,,,,,
351,select_one y_n_dk,women_committee,Are you aware of any community-based organisations with women who are represented in decision-making committees?,Miyaad ka war qabtaa urur bulsho ay haweenka ka mid yihiin kuwaaso ka qayb qaata go`aamada gudiga gaaraan? ,TRUE,,,,,,,,,,
352,select_one idp_host_relations,idp_hc_relations,How would you describe relations between host communities and displaced people?,Sidee ayad ku sifayn lahayd xidhiidhka u dhexeeya bulshada deegaanka iyo dadka barakacayaasha?,TRUE,,,,,,,,,,
353,select_one y_n_dk,fore_hc_disp,Do you believe that relations between displaced persons and host communities will be fair or good over the next year?,Miyaad rumaysantahay in xidhiidhka u dhaxeeya dadka barakacayaasha ah iyo dadka deegaanka uu noqon doono mid wanaagsan sanadka soo socda?,TRUE,,,,,,,,,,
354,begin_group,protection_barrier_group,Protection barriers,Caqabadaha hortaagan ilaalinta xuquuqda ,,,,,,,,,,,
355,note,protection_barrier,What are the 3 main concerns you have in accessing protection services?,Maxay yihiin 3dexda caqabadood ee ugu weyn ee idinka hortagaan inaad heshaan adeega ilaalinta xuquuqda?,,,,,,,,,,,
356,select_one barriers_protection,protection_barrier_first,First reason,Sababta kowaad ,TRUE,,,,First barrier cannot be none,,,,,,
357,select_one barriers_protection,protection_barrier_second,Second reason,Sababta Labaad,TRUE,"not(selected(${protection_barrier_first},'none'))",,"not(selected(., ${protection_barrier_first}))",Cannot be the same as the first,,,,,,
358,select_one barriers_protection,protection_barrier_third,Third reason,Sababta Saddexaad,TRUE,"not(selected(${protection_barrier_first},'none') or selected(${protection_barrier_second},'none'))",,"not(selected(., ${protection_barrier_first}) or selected(., ${protection_barrier_second}))",Cannot be the same as the first or second,,,,,,
359,end_group,,,,,,,,,,,,,,
360,text,protection_barrier_other,"Other, specify","wax kale, fadlan sheeg",TRUE,"selected(${protection_barrier_first},'other') or selected(${protection_barrier_second},'other') or selected(${protection_barrier_third},'other')",,,,,,,,,
361,select_one main_support_protection,protection_support,"If available, what would be the main type of support you would require to access protection services?","Hadii ay jiraan, maxay ahaan lahaayeen nooca taageero ee ugu muhiimsan ee aad u baahnaan lahayd si aad u hesho adeeg ilaalinta xuquuqda?",TRUE,,,,,,,,,,
362,end_group,,,,,,,,,,,,,,
363,begin_group,FSL,Food Security and Livelihoods,Sugnaanta Cuntada iyo Hab-nololeedka,,"selected(${consensus},'yes')",,,,,,,,,
364,select_one yes_no,food_now,Is your household currently able to access enough food for all household members?,Qoyskaagu iminka ma awoodaa in uu helo cunto ku filan dhammaan xubnaha qoyska?,TRUE,,,,,,,,,,
365,select_multiple source_food,source_food,What are the main sources of food for the household?,Waa maxay ilaha ugu muhiinsan ee ay cuntada ka helaan qoyskiinu?,TRUE,,,,,,,,,,
366,select_one change_source,source_change,How has the food source changed in the past 3 months?,Sidee ayay isubadaleen ilaha aad ka heshaan cuntadu 3dii bilood ee lasoo dhaafay?,TRUE,,,,,,,,,,
367,select_one time,time_market,How long does it take you to reach the nearest market ?,Imisa ayay kugu qaadataa in aad ku gaadho suuqa kuugu dhow?,TRUE,,,,,,,,,,
368,select_one transport_type,transport_market,How do you get there?,Sidee ayaad ku tagtaa suuqa?,TRUE,,,,,,,,,,
369,begin_group,fsc,Food Consumption Score,Cunno qadaasho,,,,,,,,,,,
370,note,fcs_note,On how many days did your household consume the following food groups in the past 7 days?,Imisa maalmood ayuu qoyskiinu quutay noocyada cuntooyinkan soo socda 7dii  bari ee lasoo dhaafay?,,,,,,,,,,,
371,select_one yes_no,cereals_y_n,"Has your household eaten Cereals (sorghum, rice, maize, millet, bread, spaghetti etc) in the last 7 days?","Qoyskiinu ma quutay cutooyinkan sida (hadhuudh, bariis, galley, masago, rooti, baasto iwm) 7dii bari ee ugu danbeysay?",TRUE,,,,,,,,,,
372,integer,cereals,How many days ?,Imisa maalmood?,TRUE,"selected(${cereals_y_n},'yes')",,.>=1 and .<=7,Must be between 0-7,,,,,,
373,select_one yes_no,vit_a_veg_y_n,"Has your household eaten vitamin A rich vegetables and tubers (yellow pumpkin, orange sweet potatoes, yellow cassava) in the last 7 days?","Qoyskiinu ma cunay qudaarta fitamin A ku badantahay sida (bocorka, liin macaan, baradhada macaan, moxog) 7dii bari ee lasoo dhaafay?",TRUE,,,,,,,,,,
374,integer,vit_a_veg,How many days ?,Imisa maalmood?,TRUE,"selected(${vit_a_veg_y_n},'yes')",,.>=1 and .<=7,Must be between 0-7,,,,,,
375,select_one yes_no,roots_y_n,"Has your household eaten white roots and tubers (white potatoes, cassava, arrowroot) in the last 7 days?","Qoyskiinu ma cunay cuntada xididada cadcad leh iyo kuwa ciid ku baxa sida (botaato cadcad, moxog, xiddida) 7dii bari ee ug udanbeeyey? ",TRUE,,,,,,,,,,
376,integer,roots,How many days ?,Imisa maalmood?,TRUE,"selected(${roots_y_n},'yes')",,.>=1 and .<=7,Must be between 0-7,,,,,,
377,select_one yes_no,pulses_y_n,"Has your household eaten legumes, nuts and seeds (cowpeas, lentils, peanut, beans) in the last 7 days?","Qoyskiinu ma cunay miraha qolofta leh, kuwa ladubo iyo abuurka sida(digirta, misirta, lowska) 7 dii maalmood ee lasoo dhaafay? ",TRUE,,,,,,,,,,
378,integer,pulses,How many days ?,Imisa maalmood?,TRUE,"selected(${pulses_y_n},'yes')",,.>=1 and .<=7,Must be between 0-7,,,,,,
379,select_one yes_no,vegetables_y_n,"Has your household eaten dark green leafy vegetables (pumpkin leaves, cassava leaves, kale) in the last 7 days?","Qoyskaagu ma cunay caleenta khudrada caleemaha cagaaran (caleemaha bocorka, caleemaha moxogta kosta) 7dii maalmood ee ugu dambeeyey?",TRUE,,,,,,,,,,
380,integer,vegetables,How many days ?,Imisa maalmood?,TRUE,"selected(${vegetables_y_n},'yes')",,.>=1 and .<=7,Must be between 0-7,,,,,,
381,select_one yes_no,other_veg_y_n,"Has your household eaten other vegetables (tomatoes, onion, cabbage, bell pepper) in the last 7 days?","Qoyskaagu ma cunay khudaarta kale (yaanyada, basasha, kaabajka (begel ama ansalaato, basbaas qajiga iyo barbarooni) 7 maalmood ee ugu dambeeyey",TRUE,,,,,,,,,,
382,integer,other_veg,How many days ?,Imisa maalmood?,TRUE,"selected(${other_veg_y_n},'yes')",,.>=1 and .<=7,Must be between 0-7,,,,,,
383,select_one yes_no,fruits_y_n,"Has your household eaten vitamin A rich fruits (ripe mango, pawpaw, gob, hobob) in the last 7 days?","Qoyskiinu ma cunay miraha fitamin A gu ku badanyahay sida(canbaha bislaaday, babayga, gobta, hohobta) 7dii maalmood ee ugu danbeeyey?",TRUE,,,,,,,,,,
384,integer,fruits,How many days ?,Imisa maalmood?,TRUE,"selected(${fruits_y_n},'yes')",,.>=1 and .<=7,Must be between 0-7,,,,,,
385,select_one yes_no,other_fruit_y_n,"Has your household eaten other fruit (banana, orange, apple, grapes, wild fruits) in the last 7 days?","Qoyskiinu ma cunay qudaarta kale sida (mooska, liinta, tufaaxa, canabka, miraha miyiga) 7dii maalmood ee ugu danbeeyey?",TRUE,,,,,,,,,,
386,integer,other_fruit,How many days ?,Imisa maalmood?,TRUE,"selected(${other_fruit_y_n},'yes')",,.>=1 and .<=7,Must be between 0-7,,,,,,
387,select_one yes_no,meat_y_n,Has your household eaten meat & poultry in the last 7 days?,Qoyskiinu ma cunay hilibka iyo hilibka digaaga 7dii bari ee lasoo dhaafay?,TRUE,,,,,,,,,,
388,integer,meat,How many days ?,Imisa Maalmood?,TRUE,"selected(${meat_y_n},'yes')",,.>=1 and .<=7,Must be between 0-7,,,,,,
389,select_one yes_no,fish_y_n,Has your household eaten fish in the last 7 days?,Qoyskiinu ma cunay kaluun 7dii bari ee lasoo dhaafay?,TRUE,,,,,,,,,,
390,integer,fish,How many days ?,Imisa Maalmood?,TRUE,"selected(${fish_y_n},'yes')",,.>=1 and .<=7,Must be between 0-7,,,,,,
391,select_one yes_no,dairy_y_n,Has your household eaten milk & milk products (cheese or yoghurt) in the last 7 days?,Qoskiinu ma cunay/cabay caano iyo waxyaabaha caanaha laga sameeyo sida (burcadka ama garoorka),TRUE,,,,,,,,,,
392,integer,dairy,How many days ?,Imisa Maalmood?,TRUE,"selected(${dairy_y_n},'yes')",,.>=1 and .<=7,Must be between 0-7,,,,,,
393,select_one yes_no,eggs_y_n,Has your household eaten eggs in the last 7 days?,Qoyskiinu ma cunay ukun 7dii bari ee ugu danbeeysay?,TRUE,,,,,,,,,,
394,integer,eggs,How many days ?,Imisa Maalmood?,TRUE,"selected(${eggs_y_n},'yes')",,.>=1 and .<=7,Must be between 0-7,,,,,,
395,select_one yes_no,sweet_y_n,"Has your household eaten sugar, honey and sweets in the last 7 days?","Qoyskiinu ma isticmaalay sonkorta, malabka iyo macmacaanka 7dii bari ee lasoo dhaafay?",TRUE,,,,,,,,,,
396,integer,sweet,How many days ?,Imisa Maalmood?,TRUE,"selected(${sweet_y_n},'yes')",,.>=1 and .<=7,Must be between 0-7,,,,,,
397,select_one yes_no,fats_y_n,"Has your household eaten oils, fats or butter in the last 7 days?","qoyskiinu ma isticmaalay saliid, dufan ama subag 7dii bari ee ugu danbeysay?",TRUE,,,,,,,,,,
398,integer,fats,How many days ?,Imisa Maalmood?,TRUE,"selected(${fats_y_n},'yes')",,.>=1 and .<=7,Must be between 0-7,,,,,,
399,select_one yes_no,condiments_y_n,"Has your household eaten condiments, tea, coffee in the last 7 days?","Qoyskiinu ma isticmaalay waxyaabaha cuntada dhadhanka uyeela, shaaha, bunka/qaxwaha 7dii maalmood ee lasoo dhaafay?",TRUE,,,,,,,,,,
400,integer,condiments,How many days ?,Imisa Maalmood?,TRUE,"selected(${condiments_y_n},'yes')",,.>=1 and .<=7,Must be between 0-7,,,,,,
401,end_group,,,,,,,,,,,,,,
402,select_multiple food_change,change_food,How has your consumption of food changed in the past 3 months/90 days?,Wax ma iska badaleen isticmaalka cuntadu 3dii bilood ee lasoo dhaafay/90 bari,TRUE,,,"not(selected(.,""amount_reduced"") and (selected(.,""amount_increased""))) and not(selected(.,""quality_reduced"") and (selected(.,""quality_increased""))) and not(selected(.,""variety_reduced"") and (selected(.,""variety_increased""))) and not(selected(., ""none"") and count-selected(.) > 1)",,,,,,,
403,select_one y_n_dk,skip_meal,Has any household member skipped two or more meals per day in the last 7 days?,xubin qoyskiina kamida ma iska daayay laba wakhti ama kabadan cunista cuntada maalinlaha ah 7dii bari ee ugu danbeeyey?,TRUE,,,,,,,,,,
404,select_one time_cereal,stock_last,How many days will your current cereal stocks last?,Raashinka  hada kaydka kuugu jira imisa maalmood ayuu ku hayn karaa?,TRUE,,,,,,,,,,
405,begin_group,food_preparation,Food preparation,Diyaarinta Cuntada,,,field-list,,,,,,,,
406,note,food_note,"To prepare food, do you have access to:","Si aad cunto udiyaarsatid, awood ma uleedahay in aad heshid:",,,,,,,,,,,
407,select_one yes_no,fuel,Fuel (Coal / Gas bottle / Wood),"Shidaal (Dhuxul, Gaas, qoryo/xaabo)",TRUE,,minimal,,,,,,,,
408,select_one yes_no,water,Water,Biyo,TRUE,,minimal,,,,,,,,
409,select_one yes_no,cooking_utensils,Cooking utensils,Maacuunka wax lagu karsado,TRUE,,minimal,,,,,,,,
410,end_group,,,,,,,,,,,,,,
411,select_one average_spent,spent_food,How much on average did the household spend on food in the past 3 months/90 days?,Celcelis ahaan imisa ayaa qoyskaagu lacag ahaan ku kharash gareeyey cuntada 3dii bilood ee lasoo dhaafay/90 bari?,TRUE,,,,,,,,,,
412,select_one inc_dec_dnk,cost_food,Has this cost increased or decreased in the past 3 months/90 days?,Qiimahaas ma kordhay mise hoos buu udhacay 3dii bilood/90 bari ee lasoo dhaafay?,TRUE,,,,,,,,,,
413,begin_group,food_barrier,Food barriers,Caqabadaha cuntada,,,,,,,,,,,
414,note,food_barrier_note,What are the 3 main concerns in accessing sufficient food for the household?,Waa maxay  3da caqabadood ee ugu weyn ee ku walaac galiya xaga helitaanka cunto ku filan qoyskiina?,,,,,,,,,,,
415,select_one food_barriers,food_barrier_first,First reason,Sababta kowaad,TRUE,,,,First barrier cannot be none,,,,,,
416,select_one food_barriers,food_barrier_second,Second reason,Sababta labaad,TRUE,"not(selected(${food_barrier_first},'none'))",,"not(selected(., ${food_barrier_first}))",Cannot be the same as the first,,,,,,
417,select_one food_barriers,food_barrier_third,Third reason,Sababta sadexaad,TRUE,"not(selected(${food_barrier_second},'none') or selected(${food_barrier_first},'none'))",,"not(selected(., ${food_barrier_first}) or selected(., ${food_barrier_second}))",Cannot be the same as the first or second,,,,,,
418,end_group,,,,,,,,,,,,,,
419,text,food_barrier_other,"Other, specify","kuwo kale, qeex",TRUE,"selected(${food_barrier_first},'other') or selected(${food_barrier_second},'other') or selected(${food_barrier_third},'other')",,,,,,,,,
420,select_multiple income_source,income_source,What were your household's main sources of income/household financial support in the past 12 months/1 year?,"Maxay ahaayeen ilaha ugu muhiimsan ee qoyskiinu ku tiirsanaa dakhli ahaan ama taageero dhaqaale ee qoyska, 12kii bilood/1 sano ee lasoo dhaafay?",TRUE,,,"not(selected(.,'none') and count-selected(.) >1)",,,,,,,
421,text,income_source_other,"Other, specify","kuwo kale, qeex",TRUE,"selected(${income_source},'other')",,,,,,,,,
422,select_one yes_no,lost_income_source,Have you lost access to any of these sources in the past 3 months/90 days?,Mawayday helida ilahan mid uun kamida 3dii bilood ee lasoo dhaafay?,TRUE,"not(selected(${income_source},'none'))",,,,,,,,,
423,select_one yes_no,own_livestock,Do you own livestock?,Xoolo maleedahay?,TRUE,,,,,,,,,,
424,select_one lost_percent,lost_livestock,Have you suffered a loss in herd size in the past 3 months/90 days?,Ma is dhimeen tirada xoolaha 3dii bilood ee lasoo dhaafay?,TRUE,"selected(${own_livestock},'yes')",,,,,,,,,
425,select_one yes_no,land_cultivation,Do you own or rent land for cultivation?,Ma leedahay dhul aad beeratid mise waad kiraystaa?,TRUE,,,,,,,,,,
426,select_one lost_percent,lost_land_cultivation,Have you suffered a loss in access to cultivable land in the past 3 months/90 days?,Ma ku dhibtay waayitaanka dhul aad beeratid 3dii bilood ee la soo dhaafay?,TRUE,"selected(${land_cultivation},'yes')",,,,,,,,,
427,select_one y_n_dk,access_saving,"Are you able to access financial services, savings or access to loans?",Ma awoodaa inaad hesho adeegyada dhaqaale keydinta ama qaadashada deynta?,TRUE,,,,,,,,,,
428,select_one y_n_dk,fore_grain,Do you believe that you will have sufficient grain to plant for the next planting season?,Ma aaminsan tahay in aad heli doonto miro labeerto oo kugu filan si aad u beerato xilli beereedka soo socda?,TRUE,"selected(${land_cultivation},'yes')",,,,,,,,,
429,select_one y_n_dk,fore_livestock,Do you believe that you will have enough baby animals/calves from your livestock to survive to next year?,Ma aaminsantahay in aad helayso maqal/nirgo kugu filan xoolahaaga si aad ugu noolaato sanadka soo socda?,TRUE,"selected(${own_livestock},'yes')",,,,,,,,,
430,select_one y_n_dk,fore_saving,Do you believe that you will have sufficient financial savings or support from remittances for next year?,Ma aaminsantahay inaad haysato kayd dhaqaale kugu filan ama lacago laguu soodirayo sanadka soosocda?,TRUE,,,,,,,,,,
431,end_group,,,,,,,,,,,,,,
432,begin_group,coping,Coping Mechanisms,Hababka la qabsashada,,"selected(${consensus},'yes')",,,,,,,,,
433,select_multiple neg_coping_water,coping_water,"In the past 30 days, what did you do if you did not have enough water?","maxaa samaysay 30kii maalmood ee lasoo dhaafay, hadii aadan helin biyo kugu filan?",TRUE,,,"not(selected(.,'none') and count-selected(.) >1)",Cannot select 'none' and any other option,,,,,,
434,select_multiple neg_coping_sanitation,coping_sanitation,"In the past 30 days, what did you do if you could not access sanitation facilities?",maxaa samaysay hadii aadan helin musqulo 30kii maalmood ee lasoo dhaafay?,TRUE,,,"not(selected(.,'none') and count-selected(.) >1)",Cannot select 'none' and any other option,,,,,,
435,select_multiple neg_coping_hygiene,coping_hygiene,"In the past 30 days, what did you do if you did not have access to soap or hygienic menstrual materials?",30kii maalmood ee lasoo dhaafay maxaad samayseen hadii aydan helin saabuun ama qalabka nadaafada ee haweenka?,TRUE,,,"not(selected(.,'none') and count-selected(.) >1)",Cannot select 'none' and any other option,,,,,,
436,select_multiple neg_coping_food,coping_food,"In the past 30 days, what did you do if you did not have enough food?","30kii maalmood ee la soo dhaafay, maxaad samayseen haddii aadan haysan cunto idin ku filan?",TRUE,,,"not(selected(.,'none') and count-selected(.) >1)",Cannot select 'none' and any other option,,,,,,
437,select_multiple neg_coping_shelter,coping_shelter,"In the past 30 days, what did you do if you did not have shelter?",30kii maalmood ee lasoo dhaafay maxaad samayseen hadii aydaan helin hoy?,TRUE,,,"not(selected(.,'none') and count-selected(.) >1)",Cannot select 'none' and any other option,,,,,,
438,select_multiple neg_coping_nfi,coping_nfi,"In the past 30 days, what did you do if you did not have basic non-food items?",30kii maalmood ee lasoo dhaafay maxaad samayseen hadii aadan helin waxyaabaha asaasiga ah ee aan cuntada ahayn (macuunta) ?,TRUE,,,"not(selected(.,'none') and count-selected(.) >1)",Cannot select 'none' and any other option,,,,,,
439,select_multiple neg_coping_education,coping_education,"In the past 30 days, what did you do if you could not access educational facilities?","30kii maalmood ee la soo dhaafay, maxaad samayseen haddii aydan heli karin goobaha waxbarashada?",TRUE,,,"not(selected(.,'none') and count-selected(.) >1)",Cannot select 'none' and any other option,,,,,,
440,select_multiple neg_coping_health,coping_health,"In the past 30 days, what did you do if you could not access healthcare facilities?","30kii maalmood ee la soo dhaafay, maxaad samayseen haddii aadan heli karin xarumaha caafimaadka?",TRUE,,,"not(selected(.,'none') and count-selected(.) >1)",Cannot select 'none' and any other option,,,,,,
441,select_multiple neg_coping_general,coping_general,In the past 30 days what did you do if you did not have enough resources or access to basic services?,"30kii maalmood ee lasoo dhaafay, maxaa samysay hadii aadan haysan wax idin kufilan ama aadan awoodin isticmaalka adeegyada asaasiga ah?",TRUE,,,"not(selected(.,'none') and count-selected(.) >1)",Cannot select 'none' and any other option,,,,,,
442,end_group,,,,,,,,,,,,,,
443,begin_group,aap,Accountability to Affected Populations,xisabtanka ay sameeyeen bulshada dhibaataysan ,,"selected(${consensus},'yes')",,,,,,,,,
444,select_one y_n_dk,aap_contact,Has your household been contacted by humanitarian workers regarding the type of aid you would like to receive in the past 3 months/90 days?,"qoyskiinu ma lagala soo xiriiray hayadaha bini aadamnimada ka shaqeeya, si aad u hesho nooca gargaarka ee aad u bahantahay 3dii bilood ee lasoo dhafay ?",TRUE,,,,,,,,,,
446,select_one y_n_dk,aap_grievance,Are you aware of any procedures or mechanisms to make complaints or provide feed-back regarding any humanitarian assistance?,ma ogtahay nidaam iyo hab raac cabashadaada aad ku gudbiso ama faalo ugu bixiso waxyaabaha khuseeya cawimaada bini aadanimada?  ,TRUE,,,,,,,,,,
451,select_one y_n_dk,aap_neg_outcome,"Do you feel that humanitarian assistance has led to negative outcomes in your community (for e.g. unequal distribution, disputes, violence or conflict, insecurity etc.)","Ma  dareemaysaa in hayadaha bini,adamnimadu u horseed deen bulshadada najiido la, aan ( tule. Sinan la,aanta wax qaybinta, khilaafadka, rabshada, isku dhaca iyo aman la, aanta?",TRUE,,,,,,,,,,
456,select_multiple barrier_hum_aid,barrier_hum,What were the main concerns you had in accessing humanitarian aid in the past 3 months/90 days?,"Maxay  ahayeen darenka ugu muhiimsan ee aad ka heshay hayadaha bini,adamtinimada 3 bilood ee lasoo dhafay ?",TRUE,,,,,,,,,,
457,end_group,,,,,,,,,,,,,,
458,begin_group,Q,Item Repository Check-list,0,,"selected(${consensus},'yes')",field-list,,,,,,,,
459,note,household_own_items_note,Does your household own the following items?,Qoyskaagu ma leeyahay agabka soosocda ?,,,,,,,,,,,
460,select_one yes_no,sleeping_mats,Sleeping mats,waxa lagu seexdo sida sijaayado,TRUE,,,,,,,,,,
461,select_one yes_no,blankets,Blankets for adults and/or children,Bustayaal  dadka waa wayn iyo caruurta ,TRUE,,,,,,,,,,
462,select_one yes_no,mosquito_nets,Mosquito nets,Mara  kaneeco ,TRUE,,,,,,,,,,
463,select_one yes_no,jer_water_tanks,Jerry cans or water tanks,jeerigano ama haamaha biyaha lagu shubto ,TRUE,,,,,,,,,,
464,select_one yes_no,kitchen_kettle,"Kitchen set (pots, pans, cutlery, kettle)","qalabka jikada  sida mindi, malgacad, ibriiq, borjikada.  ",TRUE,,,,,,,,,,
465,select_one yes_no,light,Solar lamp or any internal source of lighting,laydh ka soolarka ama ilkale oo laydh ah ,TRUE,,,,,,,,,,
466,select_one yes_no,clothes,"Clothing articles (shirt, pants, dress, warm clothes, footwear)","Dharka la xidho ( shirt, surweelo, dharka, dhardiiran iyo kabo)",TRUE,,,,,,,,,,
467,select_one yes_no,Toileteries,"Toiletries (toothbrush, toothpaste, soap, shampoo)","Agabka nadafada ( caday, dawada ilkaha, sabuunta iyo shambada )",TRUE,,,,,,,,,,
468,select_one yes_no,sana_diapers,Menstrual materials and/or diapers,qalabka caadada ,TRUE,,,,,,,,,,
469,select_one yes_no,cooking_stove,Cooking stove,Shoolad /kariyaha cunta ,TRUE,,,,,,,,,,
470,select_one yes_no,fuel_generator,Fuel and generator,shidaal iyo matoor ,TRUE,,,,,,,,,,
471,select_one yes_no,locks_doors,Locks on doors,qufulada albaabbada ,TRUE,,,,,,,,,,
472,select_one yes_no,phone_radio,Phone and/or Radio,talefoono iyo raadiye ,TRUE,,,,,,,,,,
473,select_one yes_no,cleaning_equi,"Cleaning equipment (broom, mop, bucket)",qabalabka wax lagu nadiifiyo sida iskoobe iyo sakeel),TRUE,,,,,,,,,,
474,select_one yes_no,waste_bin,Waste-bin,Meel qashinka lagurido ,TRUE,,,,,,,,,,
475,select_one yes_no,houtehold_etc,"Household tools (hammer, nails, rope, etc.)","qalabka qoyska ( dube, cidi jar, xarig IWM)",TRUE,,,,,,,,,,
476,select_one yes_no,school_stationery,"School supplies, stationery",Agabka waxbarashada ,TRUE,,,,,,,,,,
477,select_one yes_no,children_toys,Children’s toys,Agabka caruurtu ku ciyarto ,TRUE,,,,,,,,,,
478,select_one yes_no,furniture_stools,"Furniture (bed, tables, chairs, stools)","Agabka guriga ( sarirta, misaska, kurasta iyo gambarada)",TRUE,,,,,,,,,,
479,select_one yes_no,storage_space,Storage space,meel kayd ah ,TRUE,,,,,,,,,,
480,select_one yes_no,fan, Fan and/or air-conditioning,Marawaxad iyo qaboojiyaha ,TRUE,,,,,,,,,,
481,select_one yes_no,refrigerator,Refrigerator,Talaajad,TRUE,,,,,,,,,,
482,select_one yes_no,trasport,"Transport (car, motorbike, moped, bicycle)","gadiid ( gaari, mooto. Iyo baaskiil)",TRUE,,,,,,,,,,
483,end_group,,,,,,,,,,,,,,
484,begin_group,M,End of interview,dhamadka waraysiga ,,,,,,,,,,,
,select_one yes_no,resp_contact_details,Are you able to provide us your contact details so as to contact you if you we would require further clarification on some of your answers? Please note that we will not share your contact information to anyone else.,Ma noo sheegi kartaa telefoonkaaga iyo magacaaga si aan kugula soo xiriirno haddii aan u baahano inaan faahfaahin dheeri ah kaa weydiino jawaabaha aad ka bixisay su'aalaha qaarkood. Fadlan ogow inaan qof kale la siin doonin telefoonkaaga iyo magacaaga ,TRUE,,,,,,,,,,
,text,resp_name,What is the full name of the respondent?,Sheeg magaca buuxa ee qofka kuu jawaabaya?,TRUE,"selected(${resp_contact_details},'yes')",,,,,,,,,
,text,resp_contact_numb,What is your primary phone number?,Sheeg telefoonka qofka kuu jawaabaya? Telefoonka uu qofka mar walba isticmaalo.,TRUE,"selected(${resp_contact_details},'yes')",numbers,"regex(., '^[0]{1}[0-9]{9}$')",Shoud be 10 digits and starts with 0,,,,,,
485,note,end_note,We have reached the end of the interview. Thank you for taking the time to talk to us today.,waxaan soo gaarnay dhamaadkii waraysiga. Waa ku mahadsantahay waqtiga aad nasiisay manta,,"selected(${consensus},'yes')",,,,,,,,,
486,note,declined_consent,Thank you for taking the time to talk to us today.,waa ku mahadsantahay waqtiga aad nasiisay manta ,,"selected(${consensus},'no')",,,,,,,,,
487,geopoint,gps,Please take the GPS coordinates of your location with an accuracy of up to 10 metres,"fadlan qaad GPS goobta aad wareysiga ku qaatay, ku xadid cabirka in ka yar 10 mitir ?",TRUE,,,,,,,,,,
488,end_group,,,,,,,,,,,,,,
